player,nationality,position,team,age,birth_year,minutes_90s
Alisson,br BRA,GK,Liverpool,30-331,1992,3.0
Alphonse Areola,fr FRA,GK,West Ham,30-183,1993,3.0
Ederson,br BRA,GK,Manchester City,30-012,1993,3.0
Mark Flekken,nl NED,GK,Brentford,30-077,1993,3.0
Wes Foderingham,eng ENG,GK,Sheffield Utd,32-227,1991,3.0
Sam Johnstone,eng ENG,GK,Crystal Palace,30-157,1993,3.0
Thomas Kaminski,be BEL,GK,Luton Town,30-310,1992,2.0
Bernd Leno,de GER,GK,Fulham,31-178,1992,3.0
Emiliano Martínez,ar ARG,GK,Aston Villa,30-361,1992,2.0
Neto,br BRA,GK,Bournemouth,34-041,1989,3.0
Robin Olsen,se SWE,GK,Aston Villa,33-233,1990,1.0
André Onana,cm CMR,GK,Manchester Utd,27-149,1996,3.0
Jordan Pickford,eng ENG,GK,Everton,29-175,1994,3.0
Nick Pope,eng ENG,GK,Newcastle Utd,31-132,1992,3.0
Aaron Ramsdale,eng ENG,GK,Arsenal,25-107,1998,3.0
José Sá,pt POR,GK,Wolves,30-224,1993,3.0
Robert Sánchez,es ESP,GK,Chelsea,25-284,1997,3.0
Jason Steele,eng ENG,GK,Brighton,33-011,1990,2.0
James Trafford,eng ENG,GK,Burnley,20-323,2002,2.0
Matt Turner,us USA,GK,Nott'ham Forest,29-066,1994,3.0
Bart Verbruggen,nl NED,GK,Brighton,21-011,2002,1.0
Guglielmo Vicario,it ITA,GK,Tottenham,26-326,1996,3.0
