Player,Position,Nationality,"Prev season Minutes, CLUB","Prev season Starts, CLUB","Prev season Minutes, LEAGUE","Prev season Starts, LEAGUE","Prev season Minutes, TOP 5 LEAGUES","Prev season Starts, TOP 5 LEAGUES","Prev season Minutes, OUTSIDE TOP 5 LEAGUES","Prev season Starts, OUTSIDE TOP 5 LEAGUES",Number of seasons played,Previous season minutes played,Previous season starts,"Experience-adjusted minutes, last 5 seasons","Experience-adjusted minutes, previous season",New arrival?,Is at club?,Youth player
Josh Cullen,MF,ie IRL,3840.0,43.0,8.0,0.0,0.0,0.0,14801.0,164.0,6,3840.0,43.0,11929.0,3122.0,True,True,No
Ameen Al-Dakhil,DF,be BEL,671.0,7.0,0.0,0.0,0.0,0.0,3551.0,40.0,2,2065.0,23.0,2839.0,1679.0,True,True,No
Connor Roberts,DF,wls WAL,5222.0,58.0,1960.0,22.0,0.0,0.0,14433.0,159.0,6,3530.0,39.0,13799.0,2870.0,False,True,No
James Trafford,GK,eng ENG,0.0,0.0,0.0,0.0,0.0,0.0,7020.0,78.0,2,4050.0,45.0,5498.0,3193.0,True,True,No
Luca Koleosho,"MF,FW",it ITA,0.0,0.0,0.0,0.0,60.0,0.0,0.0,0.0,2,59.0,0.0,59.0,58.0,True,True,No
Zeki Amdouni,"FW,MF",ch SUI,0.0,0.0,0.0,0.0,0.0,0.0,4759.0,52.0,2,2192.0,23.0,3972.0,1836.0,True,True,No
Lyle Foster,"FW,MF",za RSA,365.0,4.0,0.0,0.0,62.0,1.0,2979.0,30.0,3,1910.0,21.0,2467.0,1553.0,True,True,No
Jordan Beyer,DF,de GER,2531.0,29.0,0.0,0.0,2402.0,25.0,3373.0,38.0,5,2531.0,29.0,5060.0,2058.0,True,True,No
Dara O'Shea,DF,ie IRL,0.0,0.0,2102.0,25.0,0.0,0.0,5859.0,65.0,4,3330.0,37.0,6881.0,2708.0,True,True,No
Sander Berge,MF,no NOR,0.0,0.0,2063.0,25.0,0.0,0.0,10379.0,114.0,6,3103.0,34.0,10548.0,2523.0,True,True,No
Jóhann Berg Guðmundsson,"FW,MF",is ISL,9633.0,109.0,7671.0,86.0,0.0,0.0,1962.0,23.0,6,1962.0,23.0,9266.0,1595.0,False,True,No
Josh Brownhill,MF,eng ENG,10147.0,114.0,6573.0,73.0,0.0,0.0,13707.0,155.0,6,3574.0,41.0,17861.0,2906.0,False,True,No
Charlie Taylor,DF,eng ENG,13020.0,142.0,11295.0,125.0,0.0,0.0,1725.0,17.0,6,1725.0,17.0,12698.0,1403.0,False,True,No
Hannes Delcroix,DF,be BEL,0.0,0.0,0.0,0.0,0.0,0.0,5574.0,62.0,5,1163.0,13.0,4573.0,929.0,True,True,No
Aaron Ramsey,"MF,FW",eng ENG,0.0,0.0,0.0,0.0,0.0,0.0,2432.0,30.0,2,1702.0,21.0,1951.0,1384.0,True,True,No
Vitinho,DF,br BRA,2097.0,23.0,0.0,0.0,0.0,0.0,10672.0,114.0,6,3583.0,40.0,9023.0,2913.0,False,True,No
Benson Manuel,"MF,FW",be BEL,1490.0,14.0,0.0,0.0,0.0,0.0,6524.0,67.0,6,1516.0,14.0,5308.0,1233.0,True,True,No
Mike Trésor,FW,be BEL,0.0,0.0,0.0,0.0,0.0,0.0,7972.0,89.0,4,2867.0,33.0,6490.0,2291.0,True,True,No
Jacob Bruun Larsen,"MF,FW",dk DEN,0.0,0.0,0.0,0.0,3067.0,35.0,328.0,4.0,6,328.0,3.0,3218.0,315.0,True,True,No
Anass Zaroury,FW,ma MAR,2345.0,27.0,0.0,0.0,0.0,0.0,4274.0,48.0,2,2579.0,30.0,3438.0,2097.0,False,True,No
Nathan Redmond,"MF,DF",eng ENG,0.0,0.0,11549.0,127.0,0.0,0.0,1578.0,15.0,6,1579.0,15.0,12888.0,1579.0,True,True,No
Jay Rodriguez,FW,eng ENG,6480.0,65.0,7475.0,76.0,0.0,0.0,5760.0,65.0,6,1817.0,20.0,12211.0,1477.0,False,True,No
Jack Cork,MF,eng ENG,14805.0,166.0,12365.0,140.0,0.0,0.0,2440.0,26.0,6,2440.0,26.0,14349.0,1984.0,False,True,No
Hjalmar Ekdal,DF,se SWE,767.0,9.0,0.0,0.0,0.0,0.0,6970.0,79.0,3,2790.0,32.0,5589.0,2269.0,True,True,No
Arijanet Muric,GK,xk KVX,3614.0,41.0,0.0,0.0,0.0,0.0,8282.0,93.0,5,3614.0,41.0,6828.0,2939.0,True,True,No
Wilson Odobert,FW,fr FRA,0.0,0.0,0.0,0.0,1764.0,19.0,0.0,0.0,1,1764.0,19.0,1612.0,1612.0,True,True,No
Ashley Barnes,FW,eng ENG,9948.0,109.0,8044.0,87.0,0.0,0.0,1904.0,22.0,6,1904.0,22.0,9592.0,1548.1503759398497,False,False,No
Samuel Bastien,MF,cd COD,551.0,7.0,0.0,0.0,1355.0,15.0,7858.0,91.0,6,551.0,7.0,7707.0,448.0204081632653,False,False,No
Darko Churlinov,MF,mk MKD,202.0,1.0,0.0,0.0,264.0,0.0,1653.0,14.0,4,229.0,1.0,1594.0,219.65306122448982,False,False,No
Dara Costelloe,FW,ie IRL,208.0,3.0,0.0,0.0,0.0,0.0,208.0,3.0,1,208.0,3.0,169.0,169.12567132116004,False,False,No
Halil Dervişoğlu,MF,tr TUR,72.0,0.0,8.0,0.0,0.0,0.0,3566.0,40.0,4,80.0,0.0,2986.0,80.0,False,False,No
CJ Egan-Riley,DF,eng ENG,21.0,0.0,4.0,0.0,0.0,0.0,1102.0,13.0,2,1102.0,13.0,914.0,896.0408163265306,False,False,No
Taylor Harwood-Bellis,DF,eng ENG,2766.0,31.0,0.0,0.0,0.0,0.0,7364.0,82.0,3,2766.0,31.0,5970.0,2249.046186895811,False,False,No
Ian Maatsen,DF,nl NED,3283.0,38.0,0.0,0.0,0.0,0.0,9223.0,104.0,3,3283.0,38.0,7476.0,2669.421052631579,False,False,No
Luke McNally,DF,ie IRL,3.0,0.0,0.0,0.0,0.0,0.0,4270.0,47.0,2,1713.0,19.0,3378.0,1392.8474758324382,False,False,No
Michael Obafemi,FW,ie IRL,178.0,0.0,872.0,9.0,0.0,0.0,3356.0,32.0,6,1335.0,12.0,3598.0,1085.4940923737915,False,False,No
Bailey Peacock-Farrell,GK,nir NIR,886.0,9.0,360.0,4.0,0.0,0.0,7906.0,87.0,5,526.0,5.0,6696.0,427.69280343716434,False,False,No
Nathan Tella,"MF,FW",eng ENG,2492.0,31.0,1552.0,17.0,0.0,0.0,2492.0,31.0,4,2492.0,31.0,3578.0,2026.2556390977445,False,False,No
Scott Twine,MF,eng ENG,558.0,5.0,0.0,0.0,0.0,0.0,6363.0,71.0,3,558.0,5.0,5018.0,453.71213748657357,False,False,No
