Player,Position,Nationality,"Prev season Minutes, CLUB","Prev season Starts, CLUB","Prev season Minutes, LEAGUE","Prev season Starts, LEAGUE","Prev season Minutes, TOP 5 LEAGUES","Prev season Starts, TOP 5 LEAGUES","Prev season Minutes, OUTSIDE TOP 5 LEAGUES","Prev season Starts, OUTSIDE TOP 5 LEAGUES",Number of seasons played,Previous season minutes played,Previous season starts,"Experience-adjusted minutes, last 5 seasons","Experience-adjusted minutes, previous season",New arrival?,Is at club?,Youth player
Anel Ahmedhodžić,DF,ba BIH,0.0,0.0,0.0,0.0,0.0,0.0,0.0,0.0,0,0.0,0.0,0.0,0.0,False,True,Yes
Wes Foderingham,GK,eng ENG,6392.0,72.0,0.0,0.0,0.0,0.0,9894.0,111.0,5,3512.0,40.0,8107.0,2856.0,False,True,No
Jack Robinson,DF,eng ENG,5872.0,66.0,1381.0,15.0,0.0,0.0,11830.0,132.0,6,2131.0,25.0,11100.0,1733.0,False,True,No
Oliver Norwood,MF,nir NIR,16274.0,187.0,5310.0,63.0,0.0,0.0,13087.0,146.0,6,3530.0,39.0,16032.0,2870.0,False,True,No
Vinicius Souza,MF,br BRA,0.0,0.0,0.0,0.0,2428.0,27.0,2286.0,26.0,3,2428.0,27.0,4198.0,2381.0,True,True,No
John Egan,DF,ie IRL,17820.0,200.0,5816.0,66.0,0.0,0.0,14854.0,166.0,6,3955.0,44.0,17987.0,3216.0,False,True,No
Gustavo Hamer,MF,nl NED,0.0,0.0,0.0,0.0,0.0,0.0,13467.0,157.0,5,3471.0,39.0,11022.0,2822.0,True,True,No
Bénie Adama Traore,"FW,MF",ci CIV,0.0,0.0,0.0,0.0,0.0,0.0,1327.0,12.0,1,0.0,0.0,1044.0,0.0,True,True,No
Cameron Archer,FW,eng ENG,0.0,0.0,76.0,0.0,0.0,0.0,2987.0,35.0,2,1417.0,17.0,2502.0,1417.0,True,True,No
George Baldock,"DF,MF",gr GRE,16077.0,183.0,6207.0,70.0,0.0,0.0,9870.0,113.0,6,2876.0,33.0,14304.0,2338.0,False,True,No
William Osula,FW,dk DEN,126.0,0.0,0.0,0.0,0.0,0.0,576.0,3.0,2,502.0,3.0,457.0,408.0,False,True,No
Ben Osborn,"DF,FW",eng ENG,5229.0,54.0,2198.0,23.0,0.0,0.0,9525.0,102.0,6,1075.0,10.0,10039.0,874.0,False,True,No
Chris Basham,"DF,MF",eng ENG,17026.0,194.0,5818.0,69.0,0.0,0.0,11208.0,125.0,6,1736.0,18.0,15038.0,1412.0,False,True,No
Luke Thomas,DF,eng ENG,0.0,0.0,4221.0,47.0,0.0,0.0,8187.0,88.0,6,2337.0,23.0,10772.0,2337.0,True,True,No
Oliver McBurnie,FW,sct SCO,6684.0,70.0,3713.0,38.0,0.0,0.0,8079.0,87.0,6,2221.0,25.0,10315.0,1806.0,False,True,No
Jayden Bogle,DF,eng ENG,3964.0,44.0,1110.0,12.0,0.0,0.0,9239.0,104.0,5,1386.0,16.0,8546.0,1127.0,False,True,No
James Mcatee,MF,eng ENG,1898.0,21.0,20.0,0.0,0.0,0.0,1898.0,21.0,2,1898.0,21.0,1563.0,1543.0,True,True,No
Max Lowe,"MF,DF",eng ENG,2556.0,31.0,550.0,7.0,0.0,0.0,9676.0,109.0,6,2006.0,24.0,8436.0,1631.0,False,True,No
Yasser Larouci,DF,fr FRA,0.0,0.0,0.0,0.0,2138.0,23.0,0.0,0.0,2,1797.0,21.0,1948.0,1643.0,True,True,No
Tom Davies,MF,eng ENG,0.0,0.0,7102.0,76.0,0.0,0.0,3435.0,37.0,6,538.0,4.0,9855.0,538.0,True,True,No
Anis Ben Slimane,MF,tn TUN,0.0,0.0,0.0,0.0,0.0,0.0,5280.0,56.0,4,1313.0,13.0,4286.0,1069.0,True,True,No
Andre Brooks,"MF,FW",eng ENG,1.0,0.0,0.0,0.0,0.0,0.0,1.0,0.0,1,1.0,0.0,1.0,1.0,True,True,No
Antwoine Hackford,FW,eng ENG,11.0,0.0,11.0,0.0,0.0,0.0,0.0,0.0,1,0.0,0.0,11.0,0.0,True,True,No
Auston Trusty,DF,us USA,0.0,0.0,0.0,0.0,0.0,0.0,13891.0,154.0,5,5368.0,60.0,10717.0,4048.0,True,True,No
Ismaila Cheick Coulibaly,MF,ml MLI,1.0,0.0,0.0,0.0,0.0,0.0,4176.0,45.0,4,1.0,0.0,3335.0,1.0,True,True,No
Adam Davies,GK,wls WAL,612.0,6.0,0.0,0.0,0.0,0.0,10467.0,116.0,6,612.0,6.0,8456.0,498.0,True,True,No
Louie Marsh,FW,eng ENG,0.0,0.0,0.0,0.0,0.0,0.0,0.0,0.0,0,0.0,0.0,0.0,0.0,False,True,Yes
Femi Seriki,DF,eng ENG,67.0,1.0,1.0,0.0,0.0,0.0,74.0,1.0,2,0.0,0.0,61.0,0.0,False,True,No
Anel Ahmedhodzic,DF,ba BIH,2860.0,32.0,0.0,0.0,1350.0,15.0,9383.0,105.0,4,2860.0,32.0,8782.0,2325.477980665951,False,False,No
Jordan Amissah,GK,gh GHA,13.0,0.0,0.0,0.0,0.0,0.0,193.0,2.0,1,193.0,2.0,152.0,156.92910848549946,False,False,No
Oliver Arblaster,MF,eng ENG,74.0,1.0,0.0,0.0,0.0,0.0,74.0,1.0,1,74.0,1.0,60.0,60.16970998925886,False,False,No
Sander Berge,MF,no NOR,7248.0,81.0,2063.0,25.0,0.0,0.0,10379.0,114.0,6,3103.0,34.0,10548.0,2523.062298603652,False,False,No
Rhian Brewster,"FW,MF",eng ENG,2495.0,27.0,1128.0,12.0,0.0,0.0,3031.0,34.0,4,570.0,5.0,3610.0,463.46938775510205,False,False,No
Jili Buyabu,DF,eng ENG,17.0,0.0,0.0,0.0,0.0,0.0,17.0,0.0,1,17.0,0.0,14.0,13.822771213748657,False,False,No
Ciaran Clark,DF,ie IRL,664.0,7.0,6695.0,75.0,0.0,0.0,664.0,7.0,6,664.0,7.0,7235.0,539.9011815252417,False,False,No
Tommy Doyle,MF,eng ENG,1853.0,21.0,0.0,0.0,0.0,0.0,3382.0,38.0,2,1853.0,21.0,2747.0,1506.6820622986038,False,False,No
John Fleck,MF,sct SCO,16486.0,188.0,5091.0,57.0,0.0,0.0,11395.0,131.0,6,1110.0,14.0,14466.0,902.5456498388829,False,False,No
Kyron Gordon,DF,eng ENG,419.0,5.0,0.0,0.0,0.0,0.0,419.0,5.0,2,74.0,1.0,340.0,60.16970998925886,False,False,No
Daniel Jebbison,FW,eng ENG,978.0,9.0,284.0,3.0,0.0,0.0,1927.0,20.0,3,492.0,5.0,1805.0,400.047261009667,False,False,No
Reda Khadra,MF,de GER,388.0,4.0,5.0,0.0,0.0,0.0,2736.0,34.0,3,1278.0,16.0,2227.0,1039.1471535982814,False,False,No
Iliman Ndiaye,MF,sn SEN,5539.0,66.0,12.0,0.0,0.0,0.0,5527.0,66.0,3,3698.0,43.0,4503.0,3006.859291084855,False,False,No
Rhys Norrington-Davies,DF,wls WAL,3057.0,35.0,0.0,0.0,0.0,0.0,8489.0,98.0,4,1262.0,15.0,6883.0,1026.1374865735768,False,False,No
Sai Sachdev,DF,0,16.0,0.0,0.0,0.0,0.0,0.0,16.0,0.0,1,16.0,0.0,13.0,13.009667024704619,False,False,No
Billy Sharp,FW,eng ENG,11313.0,123.0,1786.0,17.0,0.0,0.0,9619.0,106.0,7,1475.0,14.0,9677.0,1199.328678839957,False,False,No
Enda Stevens,DF,ie IRL,16707.0,188.0,6045.0,68.0,0.0,0.0,10662.0,120.0,6,790.0,9.0,14832.0,642.3523093447906,False,False,No
