Player,Position,Nationality,"Prev season Minutes, CLUB","Prev season Starts, CLUB","Prev season Minutes, LEAGUE","Prev season Starts, LEAGUE","Prev season Minutes, TOP 5 LEAGUES","Prev season Starts, TOP 5 LEAGUES","Prev season Minutes, OUTSIDE TOP 5 LEAGUES","Prev season Starts, OUTSIDE TOP 5 LEAGUES",Number of seasons played,Previous season minutes played,Previous season starts,"Experience-adjusted minutes, last 5 seasons","Experience-adjusted minutes, previous season",New arrival?,Is at club?,Youth player
Lewis Dunk,DF,eng ENG,18544.0,208.0,18544.0,208.0,0,0,0.0,0.0,6,3239.0,36.0,18544.0,3239.0,False,True,No
Kaoru Mitoma,FW,jp JPN,2318.0,24.0,2318.0,24.0,0,0,4018.0,35.0,3,2318.0,24.0,5506.0,2318.0,False,True,No
Pervis Estupiñán,DF,ec ECU,2675.0,31.0,2675.0,31.0,5722,61,3266.0,35.0,6,2675.0,31.0,11043.0,2675.0,False,True,No
Pascal Groß,MF,de GER,14349.0,169.0,14349.0,169.0,0,0,0.0,0.0,6,3239.0,37.0,14349.0,3239.0,False,True,No
Danny Welbeck,"FW,MF",eng ENG,4877.0,53.0,7046.0,74.0,0,0,0.0,0.0,6,1854.0,21.0,7046.0,1854.0,False,True,No
Billy Gilmour,MF,sct SCO,507.0,7.0,2817.0,33.0,0,0,0.0,0.0,4,507.0,7.0,2817.0,507.0,True,True,No
Solly March,FW,eng ENG,11590.0,126.0,11590.0,126.0,0,0,0.0,0.0,6,2715.0,31.0,11590.0,2715.0,False,True,No
Joël Veltman,DF,nl NED,7343.0,83.0,7343.0,83.0,0,0,4619.0,51.0,6,2188.0,25.0,11198.0,2188.0,False,True,No
Jan Paul van Hecke,DF,nl NED,295.0,3.0,295.0,3.0,0,0,4968.0,56.0,3,295.0,3.0,4373.0,295.0,True,True,No
Jason Steele,GK,eng ENG,1440.0,16.0,1440.0,16.0,0,0,1309.0,15.0,3,1350.0,15.0,2526.0,1350.0,False,True,No
Bart Verbruggen,GK,nl NED,0.0,0.0,0.0,0.0,0,0,1530.0,17.0,1,1530.0,17.0,1223.0,1223.0,True,True,No
Adam Webster,DF,eng ENG,8681.0,99.0,8681.0,99.0,0,0,6032.0,68.0,6,1985.0,23.0,13619.0,1985.0,False,True,No
Evan Ferguson,FW,ie IRL,973.0,10.0,973.0,10.0,0,0,0.0,0.0,2,950.0,10.0,973.0,950.0,False,True,No
Mahmoud Dahoud,MF,de GER,0.0,0.0,0.0,0.0,5654,63,0.0,0.0,6,337.0,4.0,5464.0,323.0,True,True,No
James Milner,DF,eng ENG,0.0,0.0,7337.0,71.0,0,0,0.0,0.0,6,913.0,7.0,7337.0,913.0,True,True,No
João Pedro,"MF,FW",br BRA,0.0,0.0,1669.0,15.0,0,0,7228.0,80.0,4,2787.0,31.0,7711.0,2266.0,True,True,No
Simon Adingra,FW,ci CIV,0.0,0.0,0.0,0.0,0,0,3882.0,40.0,3,1905.0,20.0,3126.0,1522.0,True,True,No
Adam Lallana,"MF,FW",eng ENG,3879.0,46.0,5037.0,55.0,0,0,0.0,0.0,6,722.0,12.0,5037.0,722.0,False,True,No
Tariq Lamptey,"DF,FW",gh GHA,3488.0,37.0,3520.0,37.0,0,0,0.0,0.0,4,453.0,3.0,3520.0,453.0,False,True,No
Julio César Enciso,MF,py PAR,806.0,7.0,806.0,7.0,0,0,3505.0,41.0,4,1979.0,21.0,3724.0,1979.0,True,True,No
Facundo Buonanotte,FW,ar ARG,565.0,6.0,565.0,6.0,0,0,1825.0,19.0,1,2390.0,25.0,2147.0,2390.0,True,True,No
Ansu Fati,MF,es ESP,0.0,0.0,0.0,0.0,3187,32,0.0,0.0,4,1393.0,12.0,3134.0,1366.0,True,True,No
Carlos Baleba,MF,cm CMR,0.0,0.0,0.0,0.0,478,5,0.0,0.0,1,478.0,5.0,437.0,437.0,True,True,No
Steven Alzate,MF,co COL,2488.0,27.0,2488.0,27.0,0,0,1967.0,23.0,4,1967.0,23.0,4060.0,1572.0,False,True,No
Igor,DF,br BRA,0.0,0.0,0.0,0.0,7415,80,11590.0,123.0,6,3522.0,37.0,16437.0,3363.0,True,True,No
Yasin Ayari,MF,se SWE,67.0,1.0,67.0,1.0,0,0,1794.0,19.0,3,1502.0,16.0,1498.0,1502.0,False,False,No
Moisés Caicedo,MF,ec ECU,3799.0,42.0,3799.0,42.0,0,0,2466.0,29.0,4,3139.0,34.0,5818.0,3139.0,False,False,No
Levi Colwill,DF,eng ENG,1220.0,13.0,1220.0,13.0,0,0,2423.0,26.0,2,1220.0,13.0,3186.0,1220.0,False,False,No
Jack Hinshelwood,FW,eng ENG,2.0,0.0,2.0,0.0,0,0,0.0,0.0,1,2.0,0.0,2.0,2.0,False,False,No
Alexis Mac Allister,MF,ar ARG,6476.0,70.0,6476.0,70.0,0,0,3565.0,40.0,5,2886.0,31.0,9614.0,2886.0,False,False,No
Andrew Moran,FW,ie IRL,12.0,0.0,12.0,0.0,0,0,0.0,0.0,1,12.0,0.0,12.0,12.0,False,False,No
Enock Mwepu,"FW,MF",zm ZAM,1209.0,14.0,1209.0,14.0,0,0,4910.0,51.0,6,213.0,2.0,5265.0,213.0,False,False,No
Odeluga Offiah,DF,eng ENG,25.0,0.0,25.0,0.0,0,0,0.0,0.0,1,25.0,0.0,25.0,25.0,False,False,No
Cameron Peupion,MF,au AUS,6.0,0.0,6.0,0.0,0,0,0.0,0.0,1,6.0,0.0,6.0,6.0,False,False,No
Robert Sanchez,GK,es ESP,7829.0,87.0,7829.0,87.0,0,0,0.0,0.0,3,2070.0,23.0,7829.0,2070.0,False,False,No
Jeremy Sarmiento,MF,ec ECU,224.0,2.0,224.0,2.0,0,0,0.0,0.0,2,176.0,1.0,224.0,176.0,False,False,No
Leandro Trossard,FW,be BEL,8738.0,100.0,9669.0,110.0,0,0,4039.0,46.0,6,2246.0,26.0,13013.0,2246.0,False,False,No
Deniz Undav,"FW,MF",de GER,628.0,6.0,628.0,6.0,0,0,2880.0,33.0,2,628.0,6.0,2913.0,628.0,False,False,No
