Player,Position,Nationality,"Prev season Minutes, CLUB","Prev season Starts, CLUB","Prev season Minutes, LEAGUE","Prev season Starts, LEAGUE","Prev season Minutes, TOP 5 LEAGUES","Prev season Starts, TOP 5 LEAGUES","Prev season Minutes, OUTSIDE TOP 5 LEAGUES","Prev season Starts, OUTSIDE TOP 5 LEAGUES",Number of seasons played,Previous season minutes played,Previous season starts,"Experience-adjusted minutes, last 5 seasons","Experience-adjusted minutes, previous season",New arrival?,Is at club?,Youth player
Issa Diop,DF,fr FRA,2012.0,21.0,10092.0,110.0,3060.0,34.0,0.0,0.0,6,2012.0,21.0,12924.0,2012.0,False,True,No
Bernd Leno,GK,de GER,3240.0,36.0,12216.0,136.0,2970.0,33.0,0.0,0.0,6,3240.0,36.0,15101.0,3240.0,False,True,No
Raúl Jiménez,FW,mx MEX,0.0,0.0,10647.0,121.0,0.0,0.0,1004.0,6.0,6,846.0,8.0,11542.0,846.0,True,True,No
Antonee Robinson,DF,us USA,8279.0,92.0,5250.0,59.0,0.0,0.0,11143.0,123.0,6,3088.0,35.0,14357.0,3088.0,False,True,No
Kenny Tete,DF,nl NED,5392.0,62.0,4050.0,47.0,3748.0,37.0,1342.0,15.0,6,2569.0,29.0,8578.0,2569.0,False,True,No
Tim Ream,DF,us USA,17554.0,199.0,5574.0,65.0,0.0,0.0,11980.0,134.0,6,2897.0,33.0,15419.0,2897.0,False,True,No
Harry Wilson,FW,wls WAL,4576.0,53.0,2746.0,33.0,0.0,0.0,10452.0,121.0,6,1100.0,13.0,11234.0,1100.0,False,True,No
Harrison Reed,MF,eng ENG,9629.0,114.0,5113.0,61.0,0.0,0.0,9918.0,117.0,6,2866.0,35.0,13276.0,2866.0,False,True,No
Andreas Pereira,MF,br BRA,2692.0,33.0,4775.0,57.0,1621.0,15.0,2175.0,25.0,6,3484.0,42.0,8359.0,3484.0,False,True,No
Bobby Reid,FW,jm JAM,10216.0,113.0,6271.0,73.0,0.0,0.0,9491.0,103.0,6,2475.0,29.0,14085.0,2475.0,False,True,No
João Palhinha,MF,pt POR,3108.0,35.0,3108.0,35.0,0.0,0.0,7953.0,92.0,6,3108.0,35.0,10177.0,3108.0,False,True,No
Willian,"FW,MF",br BRA,2126.0,25.0,10119.0,116.0,0.0,0.0,1278.0,16.0,6,2954.0,35.0,11285.0,2954.0,False,True,No
Saša Lukić,MF,rs SRB,412.0,4.0,412.0,4.0,10127.0,114.0,0.0,0.0,6,1607.0,17.0,10171.0,1607.0,True,True,No
Timothy Castagne,DF,be BEL,0.0,0.0,7726.0,85.0,5275.0,57.0,0.0,0.0,6,3254.0,36.0,12822.0,3254.0,True,True,No
Tom Cairney,MF,sct SCO,11545.0,123.0,3941.0,39.0,0.0,0.0,7604.0,84.0,6,988.0,6.0,10205.0,988.0,False,True,No
Calvin Bassey,DF,ng NGA,0.0,0.0,0.0,0.0,0.0,0.0,4785.0,51.0,3,1807.0,20.0,3958.0,1508.0,True,True,No
Luke Harris,MF,wls WAL,13.0,0.0,13.0,0.0,0.0,0.0,0.0,0.0,1,13.0,0.0,13.0,13.0,True,True,No
Alex Iwobi,MF,ng NGA,0.0,0.0,12351.0,140.0,0.0,0.0,0.0,0.0,6,3378.0,38.0,12351.0,3378.0,True,True,No
Carlos Vinícius,FW,br BRA,1109.0,11.0,1417.0,14.0,523.0,3.0,4093.0,42.0,5,1154.0,11.0,5458.0,1154.0,True,True,No
Adama Traoré,"FW,DF",es ESP,0.0,0.0,8719.0,85.0,382.0,4.0,2246.0,26.0,6,1496.0,12.0,10954.0,1496.0,True,True,No
Aleksandar Mitrović,FW,rs SRB,15486.0,172.0,6785.0,73.0,0.0,0.0,8796.0,99.0,6,2008.0,23.0,13994.0,2008.0,False,True,No
Rodrigo Muniz,FW,br BRA,511.0,2.0,0.0,0.0,0.0,0.0,2021.0,17.0,3,892.0,9.0,1703.0,725.0,True,True,No
Tosin Adarabioyo,DF,eng ENG,8722.0,97.0,5038.0,56.0,0.0,0.0,8681.0,95.0,5,2085.0,23.0,12151.0,2085.0,False,True,No
Marek Rodák,GK,sk SVK,6226.0,70.0,360.0,4.0,0.0,0.0,13066.0,146.0,6,180.0,2.0,11042.0,180.0,False,True,No
Fodé Ballo-Touré,DF,sn SEN,0.0,0.0,0.0,0.0,8552.0,95.0,0.0,0.0,6,523.0,5.0,7875.0,499.0,True,True,No
Matt Dibley-Dias,MF,eng ENG,0.0,0.0,0.0,0.0,0.0,0.0,0.0,0.0,0,0.0,0.0,0.0,0.0,False,True,Yes
Tyrese Francois,MF,au AUS,103.0,1.0,16.0,0.0,0.0,0.0,823.0,10.0,3,737.0,9.0,704.0,737.0,False,True,No
Kevin Mbabu,DF,ch SUI,144.0,1.0,144.0,1.0,4729.0,51.0,6133.0,70.0,6,1510.0,17.0,9918.0,1510.0,True,True,No
Jay Stansfield,FW,eng ENG,91.0,1.0,87.0,1.0,0.0,0.0,2500.0,28.0,3,2583.0,29.0,2058.0,2583.0,False,True,No
Nathaniel Chalobah,MF,eng ENG,956.0,12.0,1659.0,19.0,0.0,0.0,4184.0,50.0,6,622.0,8.0,5071.0,622.0,False,False,No
Shane Duffy,"DF,FW",ie IRL,20.0,0.0,9073.0,99.0,0.0,0.0,1341.0,14.0,6,20.0,0.0,10188.0,20.0,False,False,No
Daniel James,FW,wls WAL,621.0,5.0,6508.0,75.0,0.0,0.0,2500.0,28.0,5,819.0,7.0,8574.0,819.0,False,False,No
Neeskens Kebano,FW,cd COD,5421.0,56.0,991.0,10.0,0.0,0.0,5647.0,61.0,6,764.0,9.0,5609.0,764.0,False,False,No
Layvin Kurzawa,DF,fr FRA,135.0,2.0,135.0,2.0,4850.0,54.0,0.0,0.0,5,135.0,2.0,4575.0,135.0,False,False,No
Josh Onomah,MF,eng ENG,2986.0,32.0,389.0,4.0,0.0,0.0,5802.0,62.0,6,456.0,4.0,5147.0,456.0,False,False,No
Cédric Soares,DF,pt POR,198.0,2.0,8303.0,93.0,259.0,3.0,0.0,0.0,6,227.0,2.0,8554.0,227.0,False,False,No
Manor Solomon,FW,il ISR,572.0,4.0,572.0,4.0,0.0,0.0,3685.0,38.0,5,572.0,4.0,3605.0,572.0,False,False,No
