Player,Position,Nationality,"Prev season Minutes, CLUB","Prev season Starts, CLUB","Prev season Minutes, LEAGUE","Prev season Starts, LEAGUE","Prev season Minutes, TOP 5 LEAGUES","Prev season Starts, TOP 5 LEAGUES","Prev season Minutes, OUTSIDE TOP 5 LEAGUES","Prev season Starts, OUTSIDE TOP 5 LEAGUES",Number of seasons played,Previous season minutes played,Previous season starts,"Experience-adjusted minutes, last 5 seasons","Experience-adjusted minutes, previous season",New arrival?,Is at club?,Youth player
Alisson,GK,br BRA,15503.0,173.0,15503.0,173.0,3330.0,37.0,0.0,0.0,6,3330.0,37.0,18734.0,3330.0,False,True,No
Andrew Robertson,DF,sct SCO,16770.0,188.0,16770.0,188.0,0.0,0.0,0.0,0.0,6,2583.0,29.0,16770.0,2583.0,False,True,No
Dominik Szoboszlai,MF,hu HUN,0.0,0.0,0.0,0.0,3987.0,43.0,3188.0,36.0,5,2444.0,28.0,6458.0,2344.0,True,True,No
Mohamed Salah,FW,eg EGY,18163.0,205.0,18163.0,205.0,0.0,0.0,0.0,0.0,6,3290.0,37.0,18163.0,3290.0,False,True,No
Alexis Mac Allister,MF,ar ARG,0.0,0.0,6476.0,70.0,0.0,0.0,3565.0,40.0,5,2886.0,31.0,9614.0,2886.0,True,True,No
Luis Díaz,FW,co COL,1954.0,22.0,1954.0,22.0,0.0,0.0,8267.0,89.0,6,996.0,11.0,9191.0,996.0,False,True,No
Joël Matip,DF,cm CMR,8810.0,99.0,8810.0,99.0,0.0,0.0,0.0,0.0,6,1092.0,12.0,8810.0,1092.0,False,True,No
Trent Alexander-Arnold,DF,eng ENG,16017.0,180.0,16017.0,180.0,0.0,0.0,0.0,0.0,6,2923.0,34.0,16017.0,2923.0,False,True,No
Virgil van Dijk,DF,nl NED,14329.0,161.0,15323.0,172.0,0.0,0.0,0.0,0.0,6,2835.0,32.0,15323.0,2835.0,False,True,No
Cody Gakpo,"MF,FW",nl NED,1458.0,17.0,1458.0,17.0,0.0,0.0,6552.0,74.0,6,2580.0,31.0,6891.0,2580.0,False,True,No
Joe Gomez,DF,eng ENG,7356.0,80.0,7356.0,80.0,0.0,0.0,0.0,0.0,6,1466.0,15.0,7356.0,1466.0,False,True,No
Diogo Jota,"FW,MF",pt POR,4607.0,51.0,9246.0,107.0,0.0,0.0,3612.0,43.0,6,1131.0,12.0,12243.0,1131.0,False,True,No
Curtis Jones,MF,eng ENG,3191.0,36.0,3191.0,36.0,0.0,0.0,0.0,0.0,4,1035.0,12.0,3191.0,1035.0,False,True,No
Darwin Núñez,FW,uy URU,1695.0,19.0,1695.0,19.0,0.0,0.0,6191.0,71.0,4,1695.0,19.0,7072.0,1695.0,False,True,No
Ibrahima Konaté,DF,fr FRA,2542.0,28.0,2542.0,28.0,4923.0,55.0,0.0,0.0,6,1552.0,17.0,7283.0,1552.0,False,True,No
Jarrell Quansah,DF,eng ENG,0.0,0.0,0.0,0.0,0.0,0.0,1372.0,15.0,1,1372.0,15.0,1082.0,1082.0,True,True,No
Wataru Endo,MF,jp JPN,0.0,0.0,0.0,0.0,8776.0,99.0,7190.0,79.0,6,2922.0,33.0,14293.0,2803.0,True,True,No
Harvey Elliott,MF,eng ENG,1967.0,22.0,1987.0,22.0,0.0,0.0,2753.0,31.0,5,1613.0,18.0,4237.0,1613.0,False,True,No
Ryan Gravenberch,"MF,FW",nl NED,0.0,0.0,0.0,0.0,576.0,3.0,5303.0,62.0,5,576.0,3.0,4944.0,552.0,True,True,No
Ben Doak,FW,sct SCO,26.0,0.0,26.0,0.0,0.0,0.0,27.0,0.0,2,26.0,0.0,48.0,26.0,True,True,No
Kostas Tsimikas,MF,gr GRE,1655.0,18.0,1655.0,18.0,0.0,0.0,6392.0,72.0,6,771.0,9.0,7107.0,771.0,False,True,No
Stefan Bajcetic,DF,es ESP,526.0,6.0,526.0,6.0,0.0,0.0,0.0,0.0,1,526.0,6.0,526.0,526.0,True,True,No
Caoimhín Kelleher,GK,ie IRL,450.0,5.0,450.0,5.0,0.0,0.0,0.0,0.0,3,90.0,1.0,450.0,90.0,False,True,No
James McConnell,MF,eng ENG,0.0,0.0,0.0,0.0,0.0,0.0,0.0,0.0,0,0.0,0.0,0.0,0.0,False,True,Yes
Thiago Alcántara,MF,es ESP,4642.0,51.0,4642.0,51.0,5426.0,58.0,0.0,0.0,6,1254.0,14.0,9858.0,1254.0,False,False,No
Fabio Carvalho,"MF,FW",pt POR,347.0,4.0,602.0,7.0,0.0,0.0,2831.0,33.0,3,347.0,4.0,2900.0,347.0,False,False,No
Bobby Clark,MF,eng ENG,8.0,0.0,8.0,0.0,0.0,0.0,0.0,0.0,1,8.0,0.0,8.0,8.0,False,False,No
Fabinho,MF,br BRA,11648.0,128.0,11648.0,128.0,3060.0,34.0,5697.0,64.0,6,4741.0,56.0,19154.0,4741.0,False,False,No
Roberto Firmino,"FW,MF",br BRA,13399.0,153.0,13399.0,153.0,0.0,0.0,0.0,0.0,6,1213.0,13.0,13399.0,1213.0,False,False,No
Jordan Henderson,MF,eng ENG,12771.0,144.0,12771.0,144.0,0.0,0.0,0.0,0.0,6,2074.0,23.0,12771.0,2074.0,False,False,No
Naby Keïta,MF,gn GUI,4191.0,49.0,4191.0,49.0,1962.0,23.0,0.0,0.0,6,293.0,3.0,6097.0,293.0,False,False,No
James Milner,"MF,DF",eng ENG,7337.0,71.0,7337.0,71.0,0.0,0.0,0.0,0.0,6,913.0,7.0,7337.0,913.0,False,False,No
Alex Oxlade-Chamberlain,"FW,MF",eng ENG,4372.0,46.0,4613.0,49.0,0.0,0.0,0.0,0.0,6,335.0,4.0,4613.0,335.0,False,False,No
Nathaniel Phillips,DF,eng ENG,1522.0,16.0,1522.0,16.0,0.0,0.0,2943.0,33.0,4,66.0,1.0,3919.0,66.0,False,False,No
