Player,Position,Nationality,"Prev season Minutes, CLUB","Prev season Starts, CLUB","Prev season Minutes, LEAGUE","Prev season Starts, LEAGUE","Prev season Minutes, TOP 5 LEAGUES","Prev season Starts, TOP 5 LEAGUES","Prev season Minutes, OUTSIDE TOP 5 LEAGUES","Prev season Starts, OUTSIDE TOP 5 LEAGUES",Number of seasons played,Previous season minutes played,Previous season starts,"Experience-adjusted minutes, last 5 seasons","Experience-adjusted minutes, previous season",New arrival?,Is at club?,Youth player
Alphonse Areola,GK,fr FRA,399.0,3.0,3639.0,39.0,5580.0,62.0,0.0,0.0,6,309.0,2.0,8809.0,309.0,False,True,No
Jarrod Bowen,"FW,MF",eng ENG,9695.0,111.0,9695.0,111.0,0.0,0.0,9834.0,111.0,6,3233.0,36.0,17828.0,3233.0,False,True,No
Emerson Palmieri,DF,it ITA,1320.0,16.0,3382.0,39.0,2280.0,26.0,0.0,0.0,6,1320.0,16.0,5424.0,1320.0,False,True,No
Kurt Zouma,DF,fr FRA,4067.0,48.0,13940.0,156.0,0.0,0.0,0.0,0.0,6,1989.0,24.0,13940.0,1989.0,False,True,No
Vladimír Coufal,DF,cz CZE,7399.0,83.0,7399.0,83.0,0.0,0.0,8403.0,94.0,6,2136.0,24.0,14497.0,2136.0,False,True,No
Lucas Paquetá,"MF,FW",br BRA,2151.0,27.0,2151.0,27.0,7078.0,85.0,3688.0,41.0,6,2310.0,29.0,11965.0,2310.0,False,True,No
Michail Antonio,FW,jm JAM,11999.0,136.0,11999.0,136.0,0.0,0.0,0.0,0.0,6,1829.0,21.0,11999.0,1829.0,False,True,No
James Ward-Prowse,MF,eng ENG,0.0,0.0,17087.0,191.0,0.0,0.0,0.0,0.0,6,3371.0,38.0,17087.0,3371.0,True,True,No
Nayef Aguerd,DF,ma MAR,1595.0,17.0,1595.0,17.0,7889.0,89.0,0.0,0.0,5,1595.0,17.0,8727.0,1595.0,False,True,No
Tomáš Souček,MF,cz CZE,10336.0,116.0,10336.0,116.0,0.0,0.0,6768.0,75.0,6,2815.0,32.0,16052.0,2815.0,False,True,No
Edson Álvarez,MF,mx MEX,0.0,0.0,0.0,0.0,0.0,0.0,11159.0,129.0,6,2586.0,30.0,9450.0,2158.0,True,True,No
Saïd Benrahma,"FW,MF",dz ALG,5628.0,62.0,5628.0,62.0,0.0,0.0,8339.0,96.0,6,2069.0,22.0,12426.0,2069.0,False,True,No
Pablo Fornals,"MF,FW",es ESP,9042.0,104.0,9042.0,104.0,5099.0,58.0,0.0,0.0,6,1503.0,17.0,14153.0,1503.0,False,True,No
Angelo Ogbonna,DF,it ITA,12190.0,135.0,12190.0,135.0,0.0,0.0,0.0,0.0,6,1237.0,13.0,12190.0,1237.0,False,True,No
Kudus Mohammed,"FW,MF",gh GHA,0.0,0.0,0.0,0.0,0.0,0.0,6620.0,72.0,5,1793.0,19.0,5431.0,1496.0,True,True,No
Danny Ings,"FW,MF",eng ENG,775.0,7.0,10392.0,121.0,0.0,0.0,0.0,0.0,6,1599.0,15.0,10392.0,1599.0,True,True,No
Thilo Kehrer,"DF,MF",de GER,2230.0,25.0,2230.0,25.0,7876.0,83.0,0.0,0.0,6,2230.0,25.0,9529.0,2230.0,False,True,No
Maxwel Cornet,MF,ci CIV,245.0,2.0,2011.0,23.0,6392.0,69.0,0.0,0.0,6,245.0,2.0,7842.0,245.0,True,True,No
Joseph Anang,GK,eng ENG,0.0,0.0,0.0,0.0,0.0,0.0,0.0,0.0,0,0.0,0.0,0.0,0.0,False,True,Yes
Conor Coventry,MF,ie IRL,1.0,0.0,1.0,0.0,0.0,0.0,3993.0,45.0,3,1308.0,16.0,3160.0,1308.0,True,True,No
Aaron Cresswell,"DF,MF",eng ENG,15516.0,175.0,15516.0,175.0,0.0,0.0,0.0,0.0,6,2235.0,24.0,15516.0,2235.0,False,True,No
Łukasz Fabiański,GK,pl POL,15128.0,171.0,18548.0,209.0,0.0,0.0,0.0,0.0,6,3111.0,36.0,18548.0,3111.0,False,True,No
Ben Johnson,DF,eng ENG,3118.0,34.0,3118.0,34.0,0.0,0.0,0.0,0.0,5,866.0,9.0,3118.0,866.0,False,True,No
Konstantinos Mavropanos,DF,gr GRE,0.0,0.0,343.0,6.0,6454.0,76.0,2127.0,25.0,6,2286.0,26.0,8348.0,2193.0,True,True,No
Divin Mubama,FW,eng ENG,38.0,0.0,38.0,0.0,0.0,0.0,0.0,0.0,1,38.0,0.0,38.0,38.0,True,True,No
Craig Dawson,DF,eng ENG,5399.0,60.0,11684.0,131.0,0.0,0.0,3549.0,40.0,6,2134.0,25.0,14617.0,2134.0,False,False,No
Flynn Downes,MF,eng ENG,762.0,7.0,762.0,7.0,0.0,0.0,9277.0,104.0,6,762.0,7.0,8235.0,762.0,False,False,No
Manuel Lanzini,"MF,FW",ar ARG,6711.0,71.0,6711.0,71.0,0.0,0.0,0.0,0.0,6,252.0,2.0,6711.0,252.0,False,False,No
Declan Rice,MF,eng ENG,17184.0,190.0,17184.0,190.0,0.0,0.0,0.0,0.0,6,3273.0,36.0,17184.0,3273.0,False,False,No
Gianluca Scamacca,FW,it ITA,926.0,11.0,926.0,11.0,3521.0,38.0,3061.0,31.0,6,926.0,11.0,6719.0,926.0,False,False,No
