Player,Position,Nationality,"Prev season Minutes, CLUB","Prev season Starts, CLUB","Prev season Minutes, LEAGUE","Prev season Starts, LEAGUE","Prev season Minutes, TOP 5 LEAGUES","Prev season Starts, TOP 5 LEAGUES","Prev season Minutes, OUTSIDE TOP 5 LEAGUES","Prev season Starts, OUTSIDE TOP 5 LEAGUES",Number of seasons played,Previous season minutes played,Previous season starts,"Experience-adjusted minutes, last 5 seasons","Experience-adjusted minutes, previous season",New arrival?,Is at club?,Youth player
Ezri Konsa,DF,eng ENG,11034.0,125.0,11034.0,125.0,0.0,0.0,6713.0,74.0,6,3322.0,37.0,16520.0,3322.0,False,True,No
Matty Cash,DF,pl POL,7569.0,86.0,7569.0,86.0,0.0,0.0,7505.0,81.0,6,1820.0,20.0,13769.0,1820.0,False,True,No
Lucas Digne,DF,fr FRA,2771.0,34.0,12617.0,145.0,704.0,8.0,0.0,0.0,6,1502.0,18.0,13324.0,1502.0,False,True,No
Boubacar Kamara,MF,fr FRA,1777.0,21.0,1777.0,21.0,10677.0,122.0,0.0,0.0,6,1777.0,21.0,11459.0,1777.0,False,True,No
Ollie Watkins,FW,eng ENG,9407.0,106.0,9407.0,106.0,0.0,0.0,10771.0,120.0,6,3127.0,36.0,18312.0,3127.0,False,True,No
Douglas Luiz,MF,br BRA,11035.0,124.0,11035.0,124.0,1799.0,17.0,990.0,11.0,6,2927.0,33.0,13725.0,2927.0,False,True,No
Moussa Diaby,"MF,FW",fr FRA,0.0,0.0,0.0,0.0,10828.0,122.0,0.0,0.0,6,2699.0,33.0,10395.0,2589.0,True,True,No
John McGinn,"FW,MF",sct SCO,14884.0,168.0,11425.0,129.0,0.0,0.0,6674.0,75.0,6,2693.0,30.0,16959.0,2693.0,False,True,No
Pau Torres,DF,es ESP,0.0,0.0,0.0,0.0,11902.0,133.0,3420.0,38.0,6,3054.0,34.0,14538.0,2995.0,True,True,No
Emiliano Martínez,GK,ar ARG,9799.0,110.0,10570.0,118.0,450.0,5.0,1620.0,18.0,6,3139.0,36.0,12361.0,3139.0,False,True,No
Leon Bailey,"FW,MF",jm JAM,2728.0,33.0,2728.0,33.0,7360.0,83.0,0.0,0.0,6,1967.0,26.0,9840.0,1967.0,False,True,No
Nicolò Zaniolo,"FW,MF",it ITA,0.0,0.0,0.0,0.0,6130.0,71.0,354.0,2.0,4,1244.0,14.0,6186.0,1188.0,True,True,No
Diego Carlos,DF,br BRA,205.0,2.0,205.0,2.0,14318.0,163.0,0.0,0.0,6,205.0,2.0,13942.0,205.0,True,True,No
Robin Olsen,GK,se SWE,371.0,3.0,1001.0,10.0,3954.0,44.0,3097.0,35.0,6,281.0,2.0,7340.0,281.0,False,True,No
Tyrone Mings,DF,eng ENG,13728.0,154.0,12779.0,144.0,0.0,0.0,1293.0,15.0,6,3150.0,35.0,13848.0,3150.0,False,True,No
Youri Tielemans,"MF,FW",be BEL,0.0,0.0,12246.0,138.0,3249.0,38.0,0.0,0.0,6,2344.0,27.0,15242.0,2344.0,True,True,No
Jhon Durán,FW,co COL,136.0,0.0,136.0,0.0,0.0,0.0,3966.0,43.0,4,1503.0,14.0,3367.0,1503.0,True,True,No
Philippe Coutinho,"MF,FW",br BRA,2117.0,23.0,3226.0,36.0,5882.0,66.0,0.0,0.0,6,788.0,7.0,9035.0,788.0,False,True,No
Jacob Ramsey,MF,eng ENG,5759.0,66.0,5729.0,66.0,0.0,0.0,561.0,6.0,5,2636.0,31.0,6179.0,2636.0,False,True,No
Bertrand Traoré,DF,bf BFA,2770.0,31.0,2770.0,31.0,5654.0,65.0,687.0,7.0,6,920.0,8.0,8546.0,920.0,False,True,No
Cameron Archer,MF,eng ENG,76.0,0.0,76.0,0.0,0.0,0.0,2987.0,35.0,2,1417.0,17.0,2502.0,1417.0,False,True,No
Jaden Philogene Bidace,FW,eng ENG,6.0,0.0,6.0,0.0,0.0,0.0,2781.0,31.0,3,2240.0,25.0,2266.0,1821.0,False,True,No
Leander Dendoncker,"MF,FW",be BEL,697.0,7.0,9626.0,107.0,0.0,0.0,3057.0,35.0,6,911.0,9.0,12196.0,911.0,True,True,No
Calum Chambers,"DF,MF",eng ENG,1184.0,11.0,6663.0,73.0,0.0,0.0,0.0,0.0,6,353.0,2.0,6663.0,353.0,False,True,No
Omari Kellyman,MF,,0.0,0.0,0.0,0.0,0.0,0.0,0.0,0.0,0,0.0,0.0,0.0,0.0,False,True,Yes
Clément Lenglet,DF,fr FRA,0.0,0.0,2019.0,24.0,10659.0,119.0,0.0,0.0,6,2019.0,24.0,12607.0,2019.0,True,True,No
Filip Marshall,GK,eng ENG,0.0,0.0,0.0,0.0,0.0,0.0,0.0,0.0,0,0.0,0.0,0.0,0.0,False,True,Yes
Álex Moreno,"DF,MF",es ESP,1329.0,14.0,1329.0,14.0,10941.0,124.0,3501.0,39.0,6,2679.0,29.0,15075.0,2679.0,True,True,No
Oliwier Zych,GK,pl POL,0.0,0.0,0.0,0.0,0.0,0.0,0.0,0.0,0,0.0,0.0,0.0,0.0,False,True,Yes
Ludwig Augustinsson,DF,se SWE,77.0,1.0,77.0,1.0,9364.0,104.0,0.0,0.0,6,209.0,2.0,9123.0,209.0,False,False,No
Jan Bednarek,DF,pl POL,100.0,1.0,13135.0,150.0,0.0,0.0,0.0,0.0,6,1772.0,21.0,13135.0,1772.0,False,False,No
Emi Buendía,"MF,FW",ar ARG,4311.0,49.0,6775.0,77.0,0.0,0.0,9312.0,109.0,6,2412.0,27.0,14490.0,2412.0,False,False,No
Danny Ings,FW,eng ENG,2722.0,30.0,10392.0,121.0,0.0,0.0,0.0,0.0,6,1599.0,15.0,10392.0,1599.0,False,False,No
Morgan Sanson,MF,fr FRA,661.0,6.0,661.0,6.0,8986.0,106.0,0.0,0.0,6,1430.0,18.0,8885.0,1430.0,False,False,No
Ashley Young,DF,eng ENG,3286.0,33.0,9252.0,99.0,2610.0,29.0,0.0,0.0,6,2036.0,23.0,11760.0,2036.0,False,False,No
