Player,Position,Nationality,"Prev season Minutes, CLUB","Prev season Starts, CLUB","Prev season Minutes, LEAGUE","Prev season Starts, LEAGUE","Prev season Minutes, TOP 5 LEAGUES","Prev season Starts, TOP 5 LEAGUES","Prev season Minutes, OUTSIDE TOP 5 LEAGUES","Prev season Starts, OUTSIDE TOP 5 LEAGUES",Number of seasons played,Previous season minutes played,Previous season starts,"Experience-adjusted minutes, last 5 seasons","Experience-adjusted minutes, previous season",New arrival?,Is at club?,Youth player
Jordan Pickford,GK,eng ENG,19482.0,217.0,19482.0,217.0,0.0,0.0,0.0,0.0,6,3330.0,37.0,19482.0,3330.0,False,True,No
James Tarkowski,DF,eng ENG,3420.0,38.0,19062.0,213.0,0.0,0.0,0.0,0.0,6,3420.0,38.0,19062.0,3420.0,False,True,No
Ashley Young,DF,eng ENG,0.0,0.0,9252.0,99.0,2610.0,29.0,0.0,0.0,6,2036.0,23.0,11760.0,2036.0,True,True,No
Abdoulaye Doucouré,"FW,MF",ml MLI,6513.0,75.0,16055.0,182.0,0.0,0.0,0.0,0.0,6,1533.0,17.0,16055.0,1533.0,False,True,No
Amadou Onana,MF,be BEL,2488.0,29.0,2488.0,29.0,1359.0,11.0,1507.0,14.0,3,2488.0,29.0,4933.0,2488.0,False,True,No
Idrissa Gana Gueye,MF,sn SEN,8150.0,96.0,8150.0,96.0,4875.0,57.0,0.0,0.0,6,2577.0,32.0,12547.0,2577.0,False,True,No
James Garner,MF,eng ENG,804.0,7.0,814.0,7.0,0.0,0.0,6138.0,67.0,5,804.0,7.0,5812.0,804.0,True,True,No
Nathan Patterson,DF,sct SCO,1279.0,14.0,1279.0,14.0,0.0,0.0,596.0,5.0,3,1279.0,14.0,1772.0,1279.0,True,True,No
Jarrad Branthwaite,DF,eng ENG,688.0,6.0,688.0,6.0,0.0,0.0,2892.0,31.0,4,1992.0,21.0,3086.0,1662.0,False,True,No
Arnaut Danjuma,"FW,MF",nl NED,0.0,0.0,799.0,7.0,1951.0,23.0,3747.0,43.0,5,648.0,7.0,5768.0,648.0,True,True,No
Beto,FW,gw GNB,0.0,0.0,0.0,0.0,4302.0,47.0,2395.0,24.0,4,2129.0,23.0,6242.0,2033.0,True,True,No
Dwight McNeil,"MF,FW",eng ENG,2498.0,28.0,13603.0,154.0,0.0,0.0,0.0,0.0,5,2498.0,28.0,13603.0,2498.0,False,True,No
Michael Keane,DF,eng ENG,14856.0,164.0,14856.0,164.0,0.0,0.0,0.0,0.0,6,985.0,10.0,14856.0,985.0,False,True,No
Vitaliy Mykolenko,DF,ua UKR,3710.0,42.0,3710.0,42.0,0.0,0.0,7606.0,86.0,6,2655.0,30.0,10028.0,2655.0,False,True,No
Alex Iwobi,MF,ng NGA,8551.0,96.0,12351.0,140.0,0.0,0.0,0.0,0.0,6,3378.0,38.0,12351.0,3378.0,False,True,No
Lewis Dobbin,MF,eng ENG,32.0,0.0,32.0,0.0,0.0,0.0,1927.0,20.0,2,1927.0,20.0,1551.0,1519.0,True,True,No
Neal Maupay,FW,fr FRA,1118.0,11.0,8672.0,95.0,0.0,0.0,6030.0,68.0,6,1118.0,11.0,13663.0,1118.0,True,True,No
Dominic Calvert-Lewin,FW,eng ENG,11611.0,129.0,11611.0,129.0,0.0,0.0,0.0,0.0,6,1165.0,15.0,11611.0,1165.0,False,True,No
Youssef Chermiti,FW,pt POR,0.0,0.0,0.0,0.0,0.0,0.0,844.0,9.0,1,844.0,9.0,760.0,760.0,True,True,No
Thomas Cannon,FW,ie IRL,25.0,0.0,25.0,0.0,0.0,0.0,1674.0,19.0,1,1699.0,19.0,1386.0,1699.0,True,True,No
Ben Godfrey,DF,eng ENG,5516.0,62.0,8160.0,92.0,0.0,0.0,5674.0,64.0,6,802.0,10.0,12784.0,802.0,False,True,No
Tyler Onyango,MF,eng ENG,28.0,0.0,28.0,0.0,0.0,0.0,1143.0,14.0,2,1143.0,14.0,929.0,901.0,True,True,No
André Gomes,MF,pt POR,5627.0,65.0,5627.0,65.0,2264.0,24.0,0.0,0.0,6,1629.0,18.0,7754.0,1489.0,False,True,No
Mackenzie Hunt,DF,eng ENG,0.0,0.0,0.0,0.0,0.0,0.0,0.0,0.0,0,0.0,0.0,0.0,0.0,False,True,Yes
Andy Lonergan,GK,ie IRL,0.0,0.0,0.0,0.0,0.0,0.0,1260.0,14.0,2,0.0,0.0,1028.0,0.0,True,True,No
João Virgínia,GK,pt POR,48.0,0.0,48.0,0.0,0.0,0.0,1788.0,20.0,4,1530.0,17.0,1543.0,1277.0,True,True,No
Dele Alli,MF,eng ENG,378.0,1.0,8285.0,93.0,0.0,0.0,707.0,10.0,6,747.0,10.0,8885.0,747.0,False,False,No
Asmir Begović,GK,ba BIH,360.0,4.0,5940.0,66.0,129.0,1.0,4050.0,45.0,6,90.0,1.0,9374.0,90.0,False,False,No
Conor Coady,DF,eng ENG,2096.0,23.0,15600.0,174.0,0.0,0.0,3975.0,45.0,6,2096.0,23.0,18899.0,2096.0,False,False,No
Séamus Coleman,DF,ie IRL,11357.0,130.0,11357.0,130.0,0.0,0.0,0.0,0.0,6,1656.0,20.0,11357.0,1656.0,False,False,No
Tom Davies,MF,eng ENG,7102.0,76.0,7102.0,76.0,0.0,0.0,3435.0,37.0,6,538.0,4.0,9855.0,538.0,False,False,No
Anthony Gordon,"FW,MF",eng ENG,3908.0,42.0,4395.0,46.0,0.0,0.0,513.0,5.0,4,1582.0,16.0,4814.0,1582.0,False,False,No
Demarai Gray,"FW,MF",jm JAM,4845.0,55.0,9168.0,98.0,442.0,5.0,0.0,0.0,6,2507.0,27.0,9598.0,2507.0,False,False,No
Mason Holgate,DF,eng ENG,8574.0,95.0,8574.0,95.0,0.0,0.0,1656.0,19.0,6,507.0,5.0,9943.0,507.0,False,False,No
Yerry Mina,DF,co COL,6553.0,76.0,6553.0,76.0,371.0,4.0,1323.0,15.0,6,594.0,7.0,8115.0,594.0,False,False,No
Isaac Price,MF,nir NIR,47.0,0.0,47.0,0.0,0.0,0.0,0.0,0.0,2,33.0,0.0,47.0,33.0,False,False,No
Salomón Rondón,FW,ve VEN,899.0,9.0,6269.0,71.0,0.0,0.0,0.0,0.0,4,109.0,1.0,6269.0,109.0,False,False,No
Ellis Simms,FW,eng ENG,289.0,3.0,289.0,3.0,0.0,0.0,3595.0,42.0,3,1355.0,16.0,3212.0,1355.0,False,False,No
Rúben Vinagre,"DF,MF",pt POR,26.0,0.0,1561.0,14.0,0.0,0.0,2945.0,37.0,6,26.0,0.0,4144.0,26.0,False,False,No
