Player,Position,Nationality,"Prev season Minutes, CLUB","Prev season Starts, CLUB","Prev season Minutes, LEAGUE","Prev season Starts, LEAGUE","Prev season Minutes, TOP 5 LEAGUES","Prev season Starts, TOP 5 LEAGUES","Prev season Minutes, OUTSIDE TOP 5 LEAGUES","Prev season Starts, OUTSIDE TOP 5 LEAGUES",Number of seasons played,Previous season minutes played,Previous season starts,"Experience-adjusted minutes, last 5 seasons","Experience-adjusted minutes, previous season",New arrival?,Is at club?,Youth player
Amari'i Bell,DF,jm JAM,7445.0,83.0,0.0,0.0,0,0,17069.0,185.0,6,3865.0,43.0,13920.0,3143.0,True,True,No
Thomas Kaminski,GK,be BEL,0.0,0.0,0.0,0.0,0,0,19354.0,216.0,6,2520.0,28.0,15864.0,2049.0,True,True,No
Marvelous Nakamba,MF,zw ZIM,1423.0,16.0,3489.0,38.0,0,0,5238.0,60.0,6,1423.0,16.0,7833.0,1157.0,True,True,No
Carlton Morris,FW,eng ENG,3368.0,41.0,0.0,0.0,0,0,12714.0,139.0,5,3368.0,41.0,10194.0,2739.0,True,True,No
Tom Lockyer,DF,wls WAL,7377.0,84.0,0.0,0.0,0,0,18123.0,204.0,6,3443.0,39.0,14627.0,2800.0,True,True,No
Reece Burke,DF,eng ENG,3420.0,40.0,0.0,0.0,0,0,14152.0,161.0,6,1305.0,15.0,11544.0,1061.0,True,True,No
Issa Kaboré,"DF,MF",bf BFA,0.0,0.0,0.0,0.0,3282,35,1827.0,19.0,4,1028.0,9.0,4461.0,940.0,True,True,No
Tahith Chong,MF,nl NED,0.0,0.0,75.0,0.0,386,4,4784.0,58.0,5,2838.0,35.0,4343.0,2308.0,True,True,No
Ryan John Giles,"DF,MF",eng ENG,0.0,0.0,0.0,0.0,0,0,10241.0,112.0,4,3836.0,43.0,8316.0,3119.0,True,True,No
Mads Juel Andersen,DF,dk DEN,0.0,0.0,0.0,0.0,0,0,16045.0,181.0,6,3880.0,44.0,12791.0,3059.0,True,True,No
Elijah Adebayo,FW,eng ENG,7880.0,92.0,0.0,0.0,0,0,7880.0,92.0,3,3216.0,39.0,6408.0,2615.0,False,True,No
Alfie Doughty,"DF,MF",eng ENG,2170.0,25.0,0.0,0.0,0,0,5377.0,59.0,4,2170.0,25.0,4342.0,1764.0,True,True,No
Jacob Brown,FW,sct SCO,0.0,0.0,0.0,0.0,0,0,13844.0,156.0,5,2768.0,30.0,11198.0,2251.0,True,True,No
Ross Barkley,MF,eng ENG,0.0,0.0,4229.0,47.0,960,9,0.0,0.0,6,960.0,9.0,5107.0,878.0,True,True,No
Albert Sambi Lokonga,MF,be BEL,0.0,0.0,1868.0,20.0,0,0,5172.0,58.0,6,734.0,8.0,6119.0,734.0,True,True,No
Pelly Ruddock Mpanzu,MF,cd COD,16118.0,179.0,0.0,0.0,0,0,16118.0,179.0,5,2115.0,24.0,13113.0,1720.0,False,True,No
Chiedozie Ogbene,"FW,DF",ie IRL,0.0,0.0,0.0,0.0,0,0,9256.0,98.0,6,3239.0,36.0,7378.0,2634.0,True,True,No
Cauley Woodrow,"FW,MF",eng ENG,757.0,5.0,0.0,0.0,0,0,12348.0,140.0,6,757.0,5.0,9873.0,616.0,True,True,No
Luke Berry,MF,eng ENG,5728.0,63.0,0.0,0.0,0,0,5728.0,63.0,5,675.0,4.0,4668.0,549.0,False,True,No
Allan Campbell,MF,sct SCO,5836.0,69.0,0.0,0.0,0,0,16364.0,189.0,6,3253.0,38.0,13494.0,2645.0,False,True,No
Aidan Francis,MF,eng ENG,0.0,0.0,0.0,0.0,0,0,0.0,0.0,0,0.0,0.0,0.0,0.0,False,True,Yes
Joseph Johnson,DF,eng ENG,39.0,0.0,0.0,0.0,0,0,39.0,0.0,1,39.0,0.0,32.0,32.0,True,True,No
Tim Krul,GK,nl NED,0.0,0.0,5850.0,65.0,0,0,8769.0,98.0,5,1440.0,16.0,13049.0,1171.0,True,True,No
John Mcatee,"FW,MF",eng ENG,0.0,0.0,0.0,0.0,0,0,0.0,0.0,0,0.0,0.0,0.0,0.0,False,True,Yes
Teden Mengi,DF,eng ENG,0.0,0.0,0.0,0.0,0,0,1393.0,16.0,2,0.0,0.0,1127.0,0.0,True,True,No
James Shea,GK,eng ENG,7244.0,81.0,0.0,0.0,0,0,7244.0,81.0,5,90.0,1.0,5864.0,73.0,False,True,No
Sonny Bradley,DF,eng ENG,13755.0,153.0,0.0,0.0,0,0,17277.0,192.0,6,1222.0,14.0,14030.0,993.6133190118153,False,False,No
James Bree,DF,eng ENG,10801.0,119.0,367.0,4.0,0,0,12958.0,141.0,6,2797.0,31.0,10940.0,2797.0,False,False,No
Jordan Clark,"DF,MF",eng ENG,6975.0,76.0,0.0,0.0,0,0,13851.0,153.0,5,3100.0,34.0,11189.0,2520.62298603652,False,False,No
Harry Cornick,"FW,MF",eng ENG,10104.0,116.0,0.0,0.0,0,0,10881.0,124.0,5,1523.0,15.0,8875.0,1238.357679914071,False,False,No
Cody Drameh,DF,eng ENG,1293.0,16.0,197.0,2.0,0,0,3215.0,38.0,2,1362.0,17.0,2808.0,1362.0,False,False,No
Luke Freeman,MF,eng ENG,989.0,10.0,366.0,3.0,0,0,10032.0,113.0,6,989.0,10.0,8643.0,804.1600429645542,False,False,No
Ethan Horvath,GK,us USA,3960.0,44.0,0.0,0.0,0,0,8640.0,96.0,6,3960.0,44.0,7086.0,3219.8925886143934,False,False,No
Harvey Isted,GK,eng ENG,226.0,2.0,0.0,0.0,0,0,1936.0,21.0,2,1800.0,20.0,1532.0,1463.5875402792697,False,False,No
Cameron Jerome,FW,eng ENG,1701.0,14.0,0.0,0.0,0,0,9761.0,104.0,6,622.0,1.0,8101.0,505.7508055853921,False,False,No
Henri Lansbury,MF,eng ENG,2405.0,24.0,195.0,2.0,0,0,4045.0,43.0,6,456.0,6.0,3496.0,370.7755102040816,False,False,No
Admiral Muskwe,"FW,MF",zw ZIM,946.0,8.0,0.0,0.0,0,0,2837.0,31.0,3,927.0,11.0,2278.0,753.7475832438239,False,False,No
Fred Onyedinma,"FW,MF",eng ENG,2183.0,20.0,0.0,0.0,0,0,7974.0,81.0,6,644.0,6.0,6456.0,523.6390977443609,False,False,No
Gabriel Osho,DF,eng ENG,3378.0,38.0,0.0,0.0,0,0,5690.0,65.0,5,1973.0,22.0,4617.0,1604.2545649838883,False,False,No
Dan Potts,DF,eng ENG,8532.0,99.0,0.0,0.0,0,0,8532.0,99.0,5,2008.0,24.0,6960.0,1632.7132116004298,False,False,No
Joseph Taylor,"FW,MF",wls WAL,115.0,1.0,0.0,0.0,0,0,256.0,1.0,2,218.0,1.0,204.0,177.25671321160044,False,False,No
Elliot Thorpe,"DF,MF",wls WAL,71.0,0.0,0.0,0.0,0,0,189.0,1.0,1,189.0,1.0,151.0,153.67669172932332,False,False,No
Louie Watson,"MF,FW",ie IRL,220.0,3.0,0.0,0.0,0,0,613.0,7.0,3,220.0,3.0,489.0,178.88292158968852,False,False,No
