Player,Position,Nationality,"Prev season Minutes, CLUB","Prev season Starts, CLUB","Prev season Minutes, LEAGUE","Prev season Starts, LEAGUE","Prev season Minutes, TOP 5 LEAGUES","Prev season Starts, TOP 5 LEAGUES","Prev season Minutes, OUTSIDE TOP 5 LEAGUES","Prev season Starts, OUTSIDE TOP 5 LEAGUES",Number of seasons played,Previous season minutes played,Previous season starts,"Experience-adjusted minutes, last 5 seasons","Experience-adjusted minutes, previous season",New arrival?,Is at club?,Youth player
William Saliba,DF,fr FRA,2415.0,27.0,2415.0,27.0,7309.0,80.0,0.0,0.0,5,2415.0,27.0,9018.0,2415.0,False,True,No
Ben White,DF,eng ENG,5935.0,68.0,9126.0,104.0,0.0,0.0,5403.0,60.0,5,3055.0,36.0,13552.0,3055.0,False,True,No
Bukayo Saka,FW,eng ENG,10473.0,122.0,10473.0,122.0,0.0,0.0,0.0,0.0,5,3181.0,37.0,10473.0,3181.0,False,True,No
Martin Ødegaard,MF,no NOR,6778.0,78.0,6778.0,78.0,2761.0,32.0,4684.0,53.0,6,3127.0,37.0,13410.0,3127.0,False,True,No
Declan Rice,MF,eng ENG,0.0,0.0,17184.0,190.0,0.0,0.0,0.0,0.0,6,3273.0,36.0,17184.0,3273.0,True,True,No
Eddie Nketiah,FW,eng ENG,3067.0,28.0,3067.0,28.0,0.0,0.0,509.0,2.0,6,1089.0,9.0,3487.0,1089.0,False,True,No
Gabriel Martinelli,FW,br BRA,5901.0,68.0,5901.0,68.0,0.0,0.0,0.0,0.0,4,2789.0,34.0,5901.0,2789.0,False,True,No
Kai Havertz,"MF,FW",de GER,0.0,0.0,5898.0,70.0,7492.0,84.0,0.0,0.0,6,2569.0,30.0,13107.0,2569.0,True,True,No
Aaron Ramsdale,GK,eng ENG,6480.0,72.0,13230.0,147.0,0.0,0.0,1980.0,22.0,5,3420.0,38.0,14820.0,3420.0,False,True,No
Gabriel Dos Santos,DF,br BRA,8468.0,95.0,8468.0,95.0,3237.0,34.0,90.0,1.0,6,3409.0,38.0,11490.0,3409.0,False,True,No
Oleksandr Zinchenko,DF,ua UKR,2118.0,26.0,7602.0,84.0,0.0,0.0,0.0,0.0,6,2118.0,26.0,7602.0,2118.0,False,True,No
Thomas Partey,DF,gh GHA,6045.0,69.0,6045.0,69.0,7196.0,81.0,0.0,0.0,6,2483.0,28.0,13224.0,2483.0,False,True,No
David Raya,GK,es ESP,0.0,0.0,5580.0,62.0,0.0,0.0,15660.0,174.0,6,3420.0,38.0,18395.0,3420.0,True,True,No
Fabio Vieira,MF,pt POR,514.0,3.0,514.0,3.0,0.0,0.0,1963.0,20.0,4,514.0,3.0,2258.0,514.0,True,True,No
Takehiro Tomiyasu,DF,jp JPN,2342.0,26.0,2342.0,26.0,5253.0,60.0,2431.0,27.0,6,663.0,6.0,9388.0,663.0,False,True,No
Leandro Trossard,FW,be BEL,931.0,10.0,9669.0,110.0,0.0,0.0,4039.0,46.0,6,2246.0,26.0,13013.0,2246.0,True,True,No
Gabriel Jesus,FW,br BRA,2064.0,24.0,10738.0,115.0,0.0,0.0,0.0,0.0,6,2064.0,24.0,10738.0,2064.0,False,True,No
Jakub Kiwior,DF,pl POL,427.0,5.0,427.0,5.0,3407.0,38.0,0.0,0.0,2,1870.0,22.0,3681.0,1870.0,True,True,No
Jurriën Timber,DF,nl NED,0.0,0.0,0.0,0.0,0.0,0.0,7170.0,80.0,4,3029.0,34.0,5950.0,2528.0,True,True,No
Jorginho,MF,it ITA,855.0,9.0,11952.0,137.0,2650.0,33.0,0.0,0.0,6,2134.0,24.0,14523.0,2134.0,True,True,No
Reiss Nelson,FW,eng ENG,1079.0,9.0,1079.0,9.0,643.0,5.0,910.0,10.0,6,212.0,0.0,2443.0,212.0,False,True,No
Emile Smith Rowe,FW,eng ENG,3630.0,40.0,3630.0,40.0,29.0,0.0,1176.0,13.0,5,172.0,0.0,4627.0,172.0,False,True,No
Mohamed Elneny,MF,eg EGY,3710.0,42.0,3710.0,42.0,0.0,0.0,2384.0,27.0,6,113.0,1.0,5737.0,113.0,False,True,No
Karl Jakob Hein,GK,ee EST,0.0,0.0,0.0,0.0,0.0,0.0,450.0,5.0,1,0.0,0.0,365.0,0.0,True,True,No
Cédric Soares,"DF,MF",pt POR,2510.0,27.0,8303.0,93.0,259.0,3.0,0.0,0.0,6,227.0,2.0,8554.0,227.0,False,True,No
Rob Holding,DF,eng ENG,6179.0,67.0,6179.0,67.0,0.0,0.0,0.0,0.0,6,566.0,6.0,6179.0,566.0,False,False,No
Marquinhos,MF,br BRA,1.0,0.0,1.0,0.0,14137.0,156.0,16423.0,186.0,6,3576.0,40.0,26957.0,3576.0,False,False,No
Ethan Nwaneri,FW,eng ENG,1.0,0.0,1.0,0.0,0.0,0.0,0.0,0.0,1,1.0,0.0,1.0,1.0,False,False,No
Albert Sambi Lokonga,MF,be BEL,1332.0,14.0,1868.0,20.0,0.0,0.0,5172.0,58.0,6,734.0,8.0,6119.0,734.0,False,False,No
Kieran Tierney,DF,sct SCO,5998.0,66.0,5998.0,66.0,0.0,0.0,4373.0,50.0,6,795.0,6.0,9642.0,795.0,False,False,No
Granit Xhaka,MF,ch SUI,16186.0,188.0,16186.0,188.0,0.0,0.0,0.0,0.0,6,2993.0,36.0,16186.0,2993.0,False,False,No
