Player,Position,Nationality,"Prev season Minutes, CLUB","Prev season Starts, CLUB","Prev season Minutes, LEAGUE","Prev season Starts, LEAGUE","Prev season Minutes, TOP 5 LEAGUES","Prev season Starts, TOP 5 LEAGUES","Prev season Minutes, OUTSIDE TOP 5 LEAGUES","Prev season Starts, OUTSIDE TOP 5 LEAGUES",Number of seasons played,Previous season minutes played,Previous season starts,"Experience-adjusted minutes, last 5 seasons","Experience-adjusted minutes, previous season",New arrival?,Is at club?,Youth player
Joachim Andersen,DF,dk DEN,5698.0,64.0,8428.0,94.0,5149.0,57.0,180.0,2.0,6,2782.0,32.0,13460.0,2782.0,False,True,No
Eberechi Eze,"MF,FW",eng ENG,5800.0,65.0,5800.0,65.0,0.0,0.0,8081.0,91.0,6,2636.0,30.0,12473.0,2636.0,False,True,No
Sam Johnstone,GK,eng ENG,810.0,9.0,4140.0,46.0,0.0,0.0,15569.0,173.0,6,810.0,9.0,16964.0,810.0,True,True,No
Tyrick Mitchell,DF,eng ENG,7897.0,90.0,7897.0,90.0,0.0,0.0,0.0,0.0,4,2891.0,34.0,7897.0,2891.0,False,True,No
Cheick Doucouré,MF,ml MLI,2769.0,34.0,2769.0,34.0,5573.0,63.0,3687.0,42.0,5,2769.0,34.0,10686.0,2769.0,False,True,No
Joel Ward,DF,eng ENG,11546.0,128.0,11546.0,128.0,0.0,0.0,0.0,0.0,6,2256.0,24.0,11546.0,2256.0,False,True,No
Odsonne Édouard,"FW,MF",fr FRA,3367.0,38.0,3367.0,38.0,0.0,0.0,7674.0,90.0,6,1803.0,20.0,9742.0,1803.0,False,True,No
Jordan Ayew,FW,gh GHA,11158.0,128.0,14010.0,161.0,0.0,0.0,0.0,0.0,6,2714.0,31.0,14010.0,2714.0,False,True,No
Jeffrey Schlupp,"FW,MF",gh GHA,10261.0,115.0,10261.0,115.0,0.0,0.0,0.0,0.0,6,2531.0,30.0,10261.0,2531.0,False,True,No
Marc Guéhi,DF,eng ENG,6551.0,73.0,6551.0,73.0,0.0,0.0,4544.0,51.0,4,3329.0,37.0,10272.0,3329.0,False,True,No
Jefferson Lerma,MF,co COL,0.0,0.0,8461.0,97.0,2135.0,25.0,6196.0,73.0,6,3252.0,37.0,15653.0,3252.0,True,True,No
Will Hughes,MF,eng ENG,1895.0,20.0,7555.0,89.0,0.0,0.0,1946.0,21.0,6,842.0,7.0,9146.0,842.0,False,True,No
Chris Richards,DF,us USA,447.0,4.0,447.0,4.0,2347.0,25.0,0.0,0.0,4,447.0,4.0,2721.0,447.0,True,True,No
Jean-Philippe Mateta,FW,fr FRA,2136.0,21.0,2136.0,21.0,4533.0,53.0,2697.0,30.0,6,770.0,6.0,8621.0,770.0,False,True,No
Naouirou Ahamada,"FW,MF",fr FRA,94.0,0.0,94.0,0.0,1711.0,20.0,0.0,0.0,3,1492.0,17.0,1739.0,1492.0,True,True,No
Jesuran Rak Sakyi,"DF,MF",eng ENG,80.0,1.0,80.0,1.0,0.0,0.0,3484.0,40.0,2,3484.0,40.0,2827.0,2747.0,True,True,No
James Tomkins,DF,eng ENG,7967.0,89.0,7967.0,89.0,0.0,0.0,0.0,0.0,6,338.0,3.0,7967.0,338.0,False,True,No
Nathaniel Clyne,DF,eng ENG,4136.0,47.0,5564.0,63.0,0.0,0.0,0.0,0.0,5,1640.0,19.0,5564.0,1640.0,False,True,No
Malcolm Ebiowei,MF,eng ENG,34.0,0.0,34.0,0.0,0.0,0.0,1476.0,16.0,2,558.0,5.0,1199.0,558.0,True,True,No
John-Kymani Gordon,FW,eng ENG,0.0,0.0,0.0,0.0,0.0,0.0,0.0,0.0,0,0.0,0.0,0.0,0.0,False,True,Yes
Dean Henderson,GK,eng ENG,0.0,0.0,5985.0,66.0,0.0,0.0,7560.0,84.0,5,1620.0,18.0,12162.0,1620.0,True,True,No
Rob Holding,DF,eng ENG,0.0,0.0,6179.0,67.0,0.0,0.0,0.0,0.0,6,566.0,6.0,6179.0,566.0,True,True,No
Remi Matthews,GK,eng ENG,0.0,0.0,0.0,0.0,0.0,0.0,10485.0,116.0,5,3060.0,34.0,8489.0,2528.0,True,True,No
Jaïro Riedewald,"DF,MF",nl NED,3213.0,31.0,3213.0,31.0,0.0,0.0,0.0,0.0,5,64.0,0.0,3213.0,64.0,False,True,No
Vicente Guaita,GK,es ESP,13319.0,149.0,13319.0,149.0,2970.0,33.0,0.0,0.0,6,2430.0,27.0,16302.0,2430.0,False,False,No
James McArthur,MF,sct SCO,11538.0,132.0,11538.0,132.0,0.0,0.0,0.0,0.0,6,54.0,0.0,11538.0,54.0,False,False,No
Luka Milivojević,MF,rs SRB,12658.0,142.0,12658.0,142.0,0.0,0.0,0.0,0.0,6,512.0,5.0,12658.0,512.0,False,False,No
Michael Olise,"FW,MF",fr FRA,3890.0,43.0,3890.0,43.0,0.0,0.0,4545.0,52.0,5,2749.0,31.0,7614.0,2749.0,False,False,No
David Ozoh,FW,eng ENG,1.0,0.0,1.0,0.0,0.0,0.0,0.0,0.0,1,1.0,0.0,1.0,1.0,False,False,No
Albert Sambi Lokonga,MF,be BEL,536.0,6.0,1868.0,20.0,0.0,0.0,5172.0,58.0,6,734.0,8.0,6119.0,734.0,False,False,No
Joseph Whitworth,GK,eng ENG,180.0,2.0,180.0,2.0,0.0,0.0,0.0,0.0,1,180.0,2.0,180.0,180.0,False,False,No
Wilfried Zaha,"FW,MF",ci CIV,16525.0,186.0,16525.0,186.0,0.0,0.0,0.0,0.0,6,2288.0,27.0,16525.0,2288.0,False,False,No
