Player,Position,Nationality,"Prev season Minutes, CLUB","Prev season Starts, CLUB","Prev season Minutes, LEAGUE","Prev season Starts, LEAGUE","Prev season Minutes, TOP 5 LEAGUES","Prev season Starts, TOP 5 LEAGUES","Prev season Minutes, OUTSIDE TOP 5 LEAGUES","Prev season Starts, OUTSIDE TOP 5 LEAGUES",Number of seasons played,Previous season minutes played,Previous season starts,"Experience-adjusted minutes, last 5 seasons","Experience-adjusted minutes, previous season",New arrival?,Is at club?,Youth player
Morgan Gibbs-White,"MF,FW",eng ENG,2971.0,34.0,4366.0,46.0,0.0,0.0,3434.0,38.0,6,3151.0,36.0,7159.0,3151.0,True,True,No
Matt Turner,GK,us USA,0.0,0.0,0.0,0.0,0.0,0.0,9145.0,102.0,5,450.0,5.0,6908.0,339.0,True,True,No
Willy Boly,DF,ci CIV,685.0,9.0,8610.0,98.0,0.0,0.0,3197.0,36.0,6,685.0,9.0,11263.0,685.0,True,True,No
Joe Worrall,DF,eng ENG,15282.0,165.0,2224.0,21.0,0.0,0.0,14900.0,164.0,6,2224.0,21.0,14477.0,2224.0,False,True,No
Scott McKenna,DF,sct SCO,7671.0,88.0,1571.0,19.0,0.0,0.0,13777.0,157.0,6,1571.0,19.0,12918.0,1571.0,False,True,No
Taiwo Awoniyi,FW,ng NGA,1404.0,17.0,1404.0,17.0,4016.0,50.0,3630.0,39.0,6,1404.0,17.0,8318.0,1404.0,False,True,No
Ola Aina,"DF,MF",ng NGA,0.0,0.0,2664.0,31.0,6552.0,68.0,3824.0,42.0,6,876.0,9.0,12134.0,836.0,True,True,No
Serge Aurier,"DF,MF",ci CIV,1943.0,22.0,8241.0,94.0,1010.0,10.0,0.0,0.0,6,1943.0,22.0,9223.0,1943.0,False,True,No
Orel Mangala,MF,be BEL,1550.0,20.0,1550.0,20.0,4741.0,53.0,4453.0,50.0,6,1550.0,20.0,9746.0,1550.0,False,True,No
Danilo,"MF,FW",br BRA,976.0,12.0,976.0,12.0,0.0,0.0,5204.0,59.0,6,3719.0,45.0,5729.0,3719.0,True,True,No
Ryan Yates,MF,eng ENG,10957.0,124.0,1837.0,21.0,0.0,0.0,10398.0,117.0,6,1837.0,21.0,10321.0,1837.0,False,True,No
Brennan Johnson,"FW,MF",wls WAL,6942.0,79.0,2934.0,33.0,0.0,0.0,7315.0,84.0,4,2934.0,33.0,8855.0,2934.0,False,True,No
Ibrahim Sangaré,MF,ci CIV,0.0,0.0,0.0,0.0,6230.0,70.0,8010.0,88.0,6,2303.0,26.0,12306.0,1922.0,True,True,No
Anthony Elanga,"FW,MF",se SWE,0.0,0.0,1795.0,21.0,0.0,0.0,0.0,0.0,3,426.0,5.0,1795.0,426.0,True,True,No
Moussa Niakhate,DF,sn SEN,1163.0,14.0,1163.0,14.0,14297.0,160.0,0.0,0.0,6,1163.0,14.0,14825.0,1163.0,True,True,No
Gonzalo Montiel,DF,ar ARG,0.0,0.0,0.0,0.0,2590.0,32.0,4580.0,53.0,6,1524.0,17.0,6567.0,1495.0,True,True,No
Neco Williams,"MF,DF",wls WAL,1882.0,20.0,2369.0,26.0,0.0,0.0,1192.0,14.0,4,1882.0,20.0,3336.0,1882.0,False,True,No
Callum Hudson-Odoi,"FW,DF",eng ENG,0.0,0.0,3306.0,32.0,605.0,7.0,0.0,0.0,6,605.0,7.0,3886.0,580.0,True,True,No
Nuno Tavares,DF,pt POR,0.0,0.0,1176.0,13.0,2349.0,23.0,1560.0,17.0,4,2349.0,23.0,4712.0,2147.0,True,True,No
Nicolás Domínguez,MF,ar ARG,0.0,0.0,0.0,0.0,6269.0,71.0,5989.0,67.0,6,2300.0,26.0,11277.0,2196.0,True,True,No
Chris Wood,FW,nz NZL,372.0,5.0,12902.0,151.0,0.0,0.0,270.0,3.0,6,818.0,9.0,13126.0,818.0,True,True,No
Cheikhou Kouyaté,MF,sn SEN,882.0,10.0,13203.0,150.0,0.0,0.0,0.0,0.0,6,882.0,10.0,13203.0,882.0,True,True,No
Divock Origi,"FW,MF",be BEL,0.0,0.0,1417.0,13.0,2994.0,32.0,0.0,0.0,6,1027.0,10.0,4309.0,981.0,True,True,No
Brandon Aguilera,MF,cr CRC,0.0,0.0,0.0,0.0,0.0,0.0,0.0,0.0,0,0.0,0.0,0.0,0.0,False,True,Yes
Felipe,DF,br BRA,1418.0,15.0,1418.0,15.0,5857.0,63.0,5460.0,61.0,7,1612.0,17.0,12028.0,1612.0,True,True,No
Remo Freuler,MF,ch SUI,2161.0,24.0,2161.0,24.0,13446.0,156.0,0.0,0.0,6,2161.0,24.0,15122.0,2161.0,False,True,No
Ethan Horvath,GK,us USA,540.0,6.0,0.0,0.0,0.0,0.0,8640.0,96.0,6,3960.0,44.0,7086.0,3220.0,True,True,No
Lewis O'Brien,MF,eng ENG,584.0,6.0,584.0,6.0,0.0,0.0,15449.0,173.0,6,584.0,6.0,13068.0,584.0,True,True,No
Andrey Santos,MF,br BRA,0.0,0.0,0.0,0.0,0.0,0.0,2870.0,33.0,2,2825.0,33.0,2311.0,2276.0,True,True,No
Harry Toffolo,"DF,MF",eng ENG,940.0,9.0,940.0,9.0,0.0,0.0,11223.0,127.0,5,940.0,9.0,10054.0,940.0,True,True,No
Hwang Ui-jo,"FW,MF",kr KOR,0.0,0.0,0.0,0.0,6644.0,80.0,4726.0,53.0,6,166.0,2.0,9759.0,126.0,True,True,No
Odisseas Vlachodimos,GK,gr GRE,0.0,0.0,0.0,0.0,0.0,0.0,15831.0,176.0,6,3057.0,34.0,14004.0,2752.0,True,True,No
André Ayew,"FW,MF",gh GHA,316.0,1.0,2161.0,20.0,0.0,0.0,9608.0,106.0,5,316.0,1.0,10152.0,316.0,False,False,No
Giulian Biancone,DF,fr FRA,17.0,0.0,17.0,0.0,2474.0,28.0,3738.0,41.0,5,17.0,0.0,5295.0,17.0,False,False,No
Cafú,MF,pt POR,2707.0,28.0,7.0,0.0,680.0,8.0,6298.0,68.0,6,7.0,0.0,5741.0,7.0,False,False,No
Jack Colback,MF,eng ENG,9530.0,107.0,497.0,4.0,0.0,0.0,9033.0,103.0,5,497.0,4.0,7911.0,497.0,False,False,No
Steve Cook,DF,eng ENG,2115.0,24.0,8938.0,101.0,0.0,0.0,5053.0,58.0,6,957.0,11.0,13060.0,957.0,False,False,No
Emmanuel Dennis,"FW,MF",ng NGA,720.0,6.0,3301.0,36.0,474.0,6.0,4740.0,55.0,6,892.0,8.0,7672.0,892.0,False,False,No
Dean Henderson,GK,eng ENG,1620.0,18.0,5985.0,66.0,0.0,0.0,7560.0,84.0,5,1620.0,18.0,12162.0,1620.0,False,False,No
Wayne Hennessey,GK,wls WAL,271.0,3.0,4727.0,52.0,0.0,0.0,0.0,0.0,5,271.0,3.0,4727.0,271.0,False,False,No
Jesse Lingard,"FW,MF",eng ENG,923.0,12.0,7126.0,78.0,0.0,0.0,0.0,0.0,6,923.0,12.0,7126.0,923.0,False,False,No
Renan Lodi,DF,br BRA,2214.0,26.0,2214.0,26.0,4706.0,52.0,2109.0,24.0,5,2214.0,26.0,8745.0,2214.0,False,False,No
Alexander Mighten,FW,eng ENG,8.0,0.0,8.0,0.0,0.0,0.0,0.0,0.0,1,8.0,0.0,8.0,8.0,False,False,No
Keylor Navas,GK,cr CRC,1529.0,17.0,1529.0,17.0,9596.0,108.0,0.0,0.0,6,1529.0,17.0,10525.0,1529.0,False,False,No
Gustavo Scarpa,"MF,FW",br BRA,181.0,2.0,181.0,2.0,0.0,0.0,10955.0,126.0,6,2756.0,33.0,10115.0,2756.0,False,False,No
Jonjo Shelvey,MF,eng ENG,540.0,6.0,10514.0,117.0,0.0,0.0,0.0,0.0,6,577.0,6.0,10514.0,577.0,False,False,No
Sam Surridge,FW,eng ENG,946.0,6.0,363.0,1.0,0.0,0.0,3267.0,27.0,6,323.0,1.0,3023.0,323.0,False,False,No
