Player,Position,Nationality,"Prev season Minutes, CLUB","Prev season Starts, CLUB","Prev season Minutes, LEAGUE","Prev season Starts, LEAGUE","Prev season Minutes, TOP 5 LEAGUES","Prev season Starts, TOP 5 LEAGUES","Prev season Minutes, OUTSIDE TOP 5 LEAGUES","Prev season Starts, OUTSIDE TOP 5 LEAGUES",Number of seasons played,Previous season minutes played,Previous season starts,"Experience-adjusted minutes, last 5 seasons","Experience-adjusted minutes, previous season",New arrival?,Is at club?,Youth player
Guglielmo Vicario,GK,it ITA,0.0,0.0,0.0,0.0,6563.0,73.0,6587.0,73.0,6,2783.0,31.0,11483.0,2657.0,True,True,No
Micky van de Ven,DF,nl NED,0.0,0.0,0.0,0.0,3159.0,35.0,0.0,0.0,2,2970.0,33.0,3031.0,2849.0,True,True,No
Dejan Kulusevski,FW,se SWE,3328.0,37.0,3328.0,37.0,5730.0,57.0,0.0,0.0,5,2067.0,23.0,8828.0,2067.0,False,True,No
Yves Bissouma,MF,ml MLI,1010.0,10.0,9265.0,102.0,1561.0,15.0,0.0,0.0,6,1010.0,10.0,10709.0,1010.0,True,True,No
Destiny Udogie,DF,it ITA,0.0,0.0,0.0,0.0,5351.0,60.0,0.0,0.0,3,2704.0,31.0,5111.0,2582.0,True,True,No
James Maddison,MF,eng ENG,0.0,0.0,12493.0,144.0,0.0,0.0,3630.0,42.0,6,2480.0,28.0,15505.0,2480.0,True,True,No
Son Heung-min,FW,kr KOR,15840.0,182.0,15840.0,182.0,0.0,0.0,0.0,0.0,6,2888.0,33.0,15840.0,2888.0,False,True,No
Cristian Romero,DF,ar ARG,4208.0,47.0,4208.0,47.0,7458.0,86.0,1274.0,14.0,6,2364.0,26.0,12525.0,2364.0,False,True,No
Pedro Porro,DF,es ESP,1131.0,13.0,1131.0,13.0,2950.0,32.0,5217.0,61.0,5,2205.0,25.0,8727.0,2205.0,True,True,No
Pape Matar Sarr,MF,sn SEN,218.0,2.0,218.0,2.0,3723.0,40.0,0.0,0.0,3,218.0,2.0,3569.0,218.0,True,True,No
Richarlison,FW,br BRA,1010.0,12.0,14952.0,173.0,0.0,0.0,1227.0,14.0,6,1010.0,12.0,16055.0,1010.0,True,True,No
Manor Solomon,FW,il ISR,0.0,0.0,572.0,4.0,0.0,0.0,3685.0,38.0,5,572.0,4.0,3605.0,572.0,True,True,No
Emerson,DF,br BRA,4021.0,46.0,4021.0,46.0,6238.0,71.0,2164.0,24.0,6,1735.0,20.0,12130.0,1735.0,False,True,No
Oliver Skipp,MF,eng ENG,3138.0,35.0,3138.0,35.0,0.0,0.0,3855.0,44.0,5,1491.0,18.0,6289.0,1491.0,False,True,No
Brennan Johnson,FW,wls WAL,0.0,0.0,2934.0,33.0,0.0,0.0,7315.0,84.0,4,2934.0,33.0,8855.0,2934.0,True,True,No
Ivan Perišić,FW,hr CRO,2108.0,23.0,2108.0,23.0,11836.0,133.0,0.0,0.0,6,2108.0,23.0,13523.0,2108.0,False,True,No
Pierre Højbjerg,MF,dk DEN,9747.0,109.0,16929.0,189.0,0.0,0.0,0.0,0.0,6,3131.0,35.0,16929.0,3131.0,False,True,No
Davinson Sánchez,DF,co COL,10882.0,120.0,10882.0,120.0,0.0,0.0,0.0,0.0,6,858.0,8.0,10882.0,858.0,False,True,No
Ben Davies,DF,wls WAL,11771.0,130.0,11771.0,130.0,0.0,0.0,0.0,0.0,6,2288.0,26.0,11771.0,2288.0,False,True,No
Giovani Lo Celso,MF,ar ARG,2675.0,28.0,2675.0,28.0,6304.0,70.0,628.0,7.0,6,1126.0,14.0,9354.0,1104.0,False,True,No
Brandon Austin,GK,eng ENG,0.0,0.0,0.0,0.0,0.0,0.0,450.0,5.0,1,0.0,0.0,337.0,0.0,True,True,No
Eric Dier,"DF,MF",eng ENG,14083.0,159.0,14083.0,159.0,0.0,0.0,0.0,0.0,6,2818.0,31.0,14083.0,2818.0,False,True,No
Fraser Forster,GK,eng ENG,1215.0,13.0,5535.0,61.0,0.0,0.0,2520.0,28.0,6,1215.0,13.0,7618.0,1215.0,True,True,No
Ashley Phillips,DF,wls WAL,0.0,0.0,0.0,0.0,0.0,0.0,447.0,5.0,1,447.0,5.0,363.0,363.0,True,True,No
Alejo Véliz,FW,ar ARG,0.0,0.0,0.0,0.0,0.0,0.0,1869.0,20.0,2,1840.0,20.0,1620.0,1595.0,True,True,No
George Abbott,MF,eng ENG,1.0,0.0,1.0,0.0,0.0,0.0,0.0,0.0,1,1.0,0.0,1.0,1.0,False,False,No
Rodrigo Bentancur,MF,uy URU,2861.0,33.0,2861.0,33.0,8259.0,91.0,1837.0,20.0,6,1500.0,17.0,12445.0,1500.0,False,False,No
Matthew Craig,MF,sct SCO,14.0,0.0,14.0,0.0,0.0,0.0,0.0,0.0,1,14.0,0.0,14.0,14.0,False,False,No
Arnaut Danjuma,"FW,MF",nl NED,169.0,1.0,799.0,7.0,1951.0,23.0,3747.0,43.0,5,648.0,7.0,5768.0,648.0,False,False,No
Matt Doherty,"DF,MF",ie IRL,2782.0,29.0,8765.0,96.0,18.0,0.0,3986.0,45.0,6,685.0,7.0,12090.0,685.0,False,False,No
Bryan Gil,"MF,FW",es ESP,242.0,2.0,242.0,2.0,4739.0,49.0,0.0,0.0,5,1066.0,12.0,4902.0,1066.0,False,False,No
Harry Kane,FW,eng ENG,17806.0,200.0,17806.0,200.0,0.0,0.0,0.0,0.0,6,3405.0,38.0,17806.0,3405.0,False,False,No
Clément Lenglet,DF,fr FRA,2019.0,24.0,2019.0,24.0,10659.0,119.0,0.0,0.0,6,2019.0,24.0,12607.0,2019.0,False,False,No
Hugo Lloris,GK,fr FRA,17062.0,191.0,17062.0,191.0,0.0,0.0,0.0,0.0,6,2205.0,25.0,17062.0,2205.0,False,False,No
Lucas Moura,"MF,DF",br BRA,7912.0,85.0,7912.0,85.0,76.0,0.0,32.0,0.0,6,153.0,0.0,8009.0,153.0,False,False,No
Ryan Sessegnon,DF,eng ENG,2202.0,26.0,4502.0,52.0,1574.0,17.0,4036.0,45.0,6,813.0,9.0,9383.0,813.0,False,False,No
Djed Spence,"FW,DF",eng ENG,7.0,0.0,7.0,0.0,573.0,7.0,7247.0,80.0,4,580.0,7.0,6444.0,580.0,False,False,No
Japhet Tanganga,DF,eng ENG,1893.0,24.0,1893.0,24.0,0.0,0.0,0.0,0.0,4,146.0,2.0,1893.0,146.0,False,False,No
Harvey White,MF,eng ENG,5.0,0.0,5.0,0.0,0.0,0.0,1239.0,10.0,2,548.0,5.0,994.0,548.0,False,False,No
