Player,Position,Nationality,"Prev season Minutes, CLUB","Prev season Starts, CLUB","Prev season Minutes, LEAGUE","Prev season Starts, LEAGUE","Prev season Minutes, TOP 5 LEAGUES","Prev season Starts, TOP 5 LEAGUES","Prev season Minutes, OUTSIDE TOP 5 LEAGUES","Prev season Starts, OUTSIDE TOP 5 LEAGUES",Number of seasons played,Previous season minutes played,Previous season starts,"Experience-adjusted minutes, last 5 seasons","Experience-adjusted minutes, previous season",New arrival?,Is at club?,Youth player
Ederson,GK,br BRA,19405.0,217.0,19405.0,217.0,0.0,0.0,0,0,6,3150.0,35.0,19405.0,3150.0,False,True,No
Kyle Walker,DF,eng ENG,13615.0,154.0,13615.0,154.0,0.0,0.0,0,0,6,1958.0,22.0,13615.0,1958.0,False,True,No
Erling Haaland,FW,no NOR,2769.0,33.0,2769.0,33.0,5381.0,59.0,3052,32,6,2769.0,33.0,10400.0,2769.0,False,True,No
Julián Álvarez,MF,ar ARG,1465.0,13.0,1465.0,13.0,0.0,0.0,2682,27,4,1856.0,17.0,3809.0,1856.0,True,True,No
Rodri,MF,es ESP,11029.0,127.0,11029.0,127.0,5962.0,68.0,0,0,6,2911.0,34.0,17005.0,2911.0,False,True,No
Manuel Akanji,DF,ch SUI,2287.0,24.0,2287.0,24.0,10029.0,111.0,1632,18,6,2287.0,24.0,13345.0,2287.0,False,True,No
Rúben Dias,DF,pt POR,7243.0,81.0,7243.0,81.0,0.0,0.0,8166,91,6,1998.0,22.0,14499.0,1998.0,False,True,No
Phil Foden,"FW,MF",eng ENG,6871.0,75.0,6871.0,75.0,0.0,0.0,0,0,6,1842.0,22.0,6871.0,1842.0,False,True,No
Joško Gvardiol,DF,hr CRO,0.0,0.0,0.0,0.0,4579.0,52.0,2586,30,4,2170.0,24.0,6621.0,2081.0,True,True,No
Mateo Kovačić,MF,hr CRO,0.0,0.0,8888.0,98.0,992.0,10.0,0,0,6,1707.0,17.0,9884.0,1707.0,True,True,No
Nathan Aké,DF,nl NED,3593.0,41.0,12860.0,145.0,0.0,0.0,0,0,6,1873.0,22.0,12860.0,1873.0,False,True,No
Bernardo Silva,"MF,FW",pt POR,13544.0,150.0,13544.0,150.0,0.0,0.0,0,0,6,2205.0,24.0,13544.0,2205.0,False,True,No
Jeremy Doku,FW,be BEL,0.0,0.0,0.0,0.0,4073.0,43.0,1963,21,5,1291.0,13.0,5302.0,1180.0,True,True,No
Jack Grealish,FW,eng ENG,3969.0,45.0,9387.0,105.0,0.0,0.0,4551,50,6,2055.0,23.0,13154.0,2055.0,False,True,No
Matheus Nunes,MF,pt POR,0.0,0.0,2467.0,30.0,0.0,0.0,4725,54,4,2647.0,32.0,6669.0,2647.0,True,True,No
Rico Lewis,"DF,MF",eng ENG,903.0,10.0,903.0,10.0,0.0,0.0,0,0,1,903.0,10.0,903.0,903.0,True,True,No
Kevin De Bruyne,MF,be BEL,13454.0,155.0,13454.0,155.0,0.0,0.0,0,0,6,2417.0,28.0,13454.0,2417.0,False,True,No
Kalvin Phillips,MF,eng ENG,300.0,2.0,4324.0,48.0,0.0,0.0,9945,115,6,300.0,2.0,12547.0,300.0,True,True,No
Sergio Gómez,FW,es ESP,349.0,2.0,349.0,2.0,801.0,4.0,4882,53,5,359.0,2.0,5092.0,359.0,True,True,No
Aymeric Laporte,DF,es ESP,10125.0,115.0,10125.0,115.0,1710.0,19.0,0,0,6,993.0,11.0,11843.0,993.0,False,True,No
Cole Palmer,MF,eng ENG,493.0,3.0,493.0,3.0,0.0,0.0,0,0,2,370.0,2.0,493.0,370.0,False,True,No
Oscar Bobb,FW,no NOR,0.0,0.0,0.0,0.0,0.0,0.0,0,0,0,0.0,0.0,0.0,0.0,False,True,Yes
James Mcatee,MF,eng ENG,20.0,0.0,20.0,0.0,0.0,0.0,1898,21,2,1898.0,21.0,1563.0,1543.0,True,True,No
Scott Carson,GK,eng ENG,90.0,1.0,90.0,1.0,0.0,0.0,6840,76,3,0.0,0.0,5592.0,0.0,True,True,No
Stefan Ortega,GK,de GER,270.0,3.0,270.0,3.0,6030.0,67.0,8910,99,6,270.0,3.0,13346.0,270.0,True,True,No
Máximo Perrone,MF,ar ARG,19.0,0.0,19.0,0.0,0.0,0.0,979,11,1,998.0,11.0,868.0,998.0,True,True,No
João Cancelo,DF,pt POR,8008.0,92.0,8008.0,92.0,4921.0,54.0,0,0,6,2286.0,27.0,12773.0,2286.0,False,False,No
Shea Charles,DF,nir NIR,28.0,0.0,28.0,0.0,0.0,0.0,0,0,1,28.0,0.0,28.0,28.0,False,False,No
İlkay Gündoğan,MF,de GER,11913.0,129.0,11913.0,129.0,0.0,0.0,0,0,6,2353.0,27.0,11913.0,2353.0,False,False,No
Riyad Mahrez,"FW,MF",dz ALG,8654.0,95.0,11604.0,129.0,0.0,0.0,0,0,6,1920.0,22.0,11604.0,1920.0,False,False,No
John Stones,"DF,MF",eng ENG,9086.0,103.0,9086.0,103.0,0.0,0.0,0,0,6,1846.0,21.0,9086.0,1846.0,False,False,No
