Player,Position,Nationality,"Prev season Minutes, CLUB","Prev season Starts, CLUB","Prev season Minutes, LEAGUE","Prev season Starts, LEAGUE","Prev season Minutes, TOP 5 LEAGUES","Prev season Starts, TOP 5 LEAGUES","Prev season Minutes, OUTSIDE TOP 5 LEAGUES","Prev season Starts, OUTSIDE TOP 5 LEAGUES",Number of seasons played,Previous season minutes played,Previous season starts,"Experience-adjusted minutes, last 5 seasons","Experience-adjusted minutes, previous season",New arrival?,Is at club?,Youth player
Mark Flekken,GK,nl NED,0.0,0.0,0.0,0.0,7200,80,2745.0,0.0,6,3060.0,34.0,9169.0,2935.0,True,True,No
Bryan Mbeumo,"FW,DF",cm CMR,11817.0,143.0,5811.0,70.0,64,0,8635.0,105.0,6,2906.0,36.0,12881.0,2906.0,False,True,No
Ethan Pinnock,DF,jm JAM,11864.0,135.0,5394.0,62.0,0,0,11551.0,128.0,6,2700.0,30.0,14784.0,2700.0,False,True,No
Yoane Wissa,FW,cd COD,2890.0,28.0,2890.0,28.0,2674,30,6783.0,80.0,6,1606.0,16.0,10652.0,1606.0,False,True,No
Christian Nørgaard,MF,dk DEN,9580.0,111.0,4817.0,56.0,323,4,7766.0,89.0,6,1763.0,21.0,11496.0,1763.0,False,True,No
Aaron Hickey,DF,sct SCO,1916.0,23.0,1916.0,23.0,3578,44,2027.0,23.0,5,1916.0,23.0,7015.0,1916.0,False,True,No
Vitaly Janelt,MF,de GER,7582.0,87.0,4506.0,51.0,0,0,5975.0,66.0,6,2208.0,24.0,9381.0,2208.0,False,True,No
Mathias Jensen,MF,dk DEN,10053.0,121.0,4404.0,56.0,235,3,8747.0,101.0,6,2803.0,37.0,11800.0,2803.0,False,True,No
Nathan Collins,DF,ie IRL,0.0,0.0,3484.0,37.0,0,0,2430.0,26.0,5,1814.0,19.0,5475.0,1814.0,True,True,No
Rico Henry,DF,eng ENG,14301.0,167.0,6014.0,70.0,0,0,8287.0,97.0,6,3238.0,37.0,12834.0,3238.0,False,True,No
Kevin Schade,"FW,MF",de GER,732.0,7.0,732.0,7.0,1013,8,0.0,0.0,2,914.0,8.0,1709.0,914.0,True,True,No
Ben Mee,DF,eng ENG,3269.0,37.0,16711.0,187.0,0,0,0.0,0.0,6,3269.0,37.0,16711.0,3269.0,False,True,No
Keane Lewis-Potter,"FW,MF",eng ENG,321.0,3.0,321.0,3.0,0,0,7639.0,80.0,4,321.0,3.0,6512.0,321.0,True,True,No
Mads Roerslev,DF,dk DEN,3715.0,39.0,2348.0,24.0,0,0,1777.0,19.0,6,1108.0,12.0,3803.0,1108.0,False,True,No
Kristoffer Ajer,DF,no NOR,2758.0,32.0,2758.0,32.0,0,0,9739.0,108.0,6,763.0,9.0,10852.0,763.0,False,True,No
Frank Onyeka,MF,ng NGA,1893.0,20.0,1893.0,20.0,0,0,5882.0,68.0,5,848.0,8.0,6670.0,848.0,False,True,No
Mikkel Damsgaard,"MF,FW",dk DEN,988.0,9.0,988.0,9.0,2351,24,6318.0,70.0,6,988.0,9.0,8374.0,988.0,True,True,No
Shandon Baptiste,MF,gd GRN,1873.0,16.0,1528.0,13.0,0,0,1923.0,19.0,5,618.0,4.0,3077.0,618.0,False,True,No
Neal Maupay,FW,fr FRA,6030.0,68.0,8672.0,95.0,0,0,6030.0,68.0,6,1118.0,11.0,13663.0,1118.0,True,True,No
Saman Ghoddos,DF,ir IRN,2148.0,20.0,675.0,4.0,2058,22,4757.0,53.0,6,139.0,0.0,6437.0,139.0,False,True,No
Michael Olakigbe,"MF,FW",eng ENG,0.0,0.0,0.0,0.0,0,0,0.0,0.0,0,0.0,0.0,0.0,0.0,False,True,Yes
Josh Dasilva,MF,eng ENG,7367.0,81.0,1646.0,16.0,0,0,5721.0,65.0,5,1389.0,14.0,6348.0,1389.0,False,True,No
Mathias Jørgensen,DF,dk DEN,1621.0,17.0,7188.0,79.0,498,5,3647.0,40.0,6,1103.0,11.0,10691.0,1103.0,False,True,No
Ellery Balcombe,GK,eng ENG,0.0,0.0,0.0,0.0,0,0,1955.0,22.0,2,640.0,7.0,1565.0,505.0,True,True,No
Ethan Brierley,MF,eng ENG,0.0,0.0,0.0,0.0,0,0,79.0,1.0,1,0.0,0.0,64.0,0.0,True,True,No
Thomas Strakosha,GK,al ALB,0.0,0.0,0.0,0.0,12870,143,0.0,0.0,5,0.0,0.0,12408.0,0.0,True,True,No
Yehor Yarmoliuk,MF,ua UKR,0.0,0.0,0.0,0.0,0,0,514.0,5.0,3,0.0,0.0,421.0,0.0,True,True,No
Mads Bech Sørensen,"DF,MF",dk DEN,4237.0,45.0,856.0,9.0,0,0,5248.0,57.0,6,928.0,10.0,5155.0,928.0,False,False,No
Sergi Canós,"FW,DF",es ESP,9611.0,111.0,2160.0,25.0,0,0,7895.0,91.0,6,521.0,5.0,8674.0,521.0,False,False,No
Halil Dervişoğlu,MF,tr TUR,56.0,0.0,8.0,0.0,0,0,3566.0,40.0,4,80.0,0.0,2986.0,80.0,False,False,No
Pontus Jansson,DF,se SWE,9117.0,103.0,4045.0,46.0,0,0,11905.0,135.0,6,724.0,9.0,13871.0,724.0,False,False,No
David Raya,GK,es ESP,13500.0,150.0,5580.0,62.0,0,0,15660.0,174.0,6,3420.0,38.0,18395.0,3420.0,False,False,No
Ivan Toney,FW,eng ENG,9710.0,109.0,5860.0,65.0,0,0,11854.0,130.0,6,2951.0,33.0,15431.0,2951.0,False,False,No
