Player,Position,Nationality,"Prev season Minutes, CLUB","Prev season Starts, CLUB","Prev season Minutes, LEAGUE","Prev season Starts, LEAGUE","Prev season Minutes, TOP 5 LEAGUES","Prev season Starts, TOP 5 LEAGUES","Prev season Minutes, OUTSIDE TOP 5 LEAGUES","Prev season Starts, OUTSIDE TOP 5 LEAGUES",Number of seasons played,Previous season minutes played,Previous season starts,"Experience-adjusted minutes, last 5 seasons","Experience-adjusted minutes, previous season",New arrival?,Is at club?,Youth player
Dan Burn,DF,eng ENG,4551.0,51.0,10514.0,119.0,0.0,0.0,5266.0,58.0,6,3111.0,35.0,14782.0,3111.0,False,True,No
Nick Pope,GK,eng ENG,3261.0,37.0,15916.0,177.0,0.0,0.0,0.0,0.0,5,3261.0,37.0,15916.0,3261.0,False,True,No
Fabian Schär,DF,ch SUI,10281.0,114.0,10281.0,114.0,2219.0,25.0,0.0,0.0,6,3206.0,36.0,12510.0,3206.0,False,True,No
Bruno Guimarães,MF,br BRA,3760.0,43.0,3760.0,43.0,3658.0,43.0,3991.0,44.0,6,2726.0,32.0,10655.0,2726.0,False,True,No
Kieran Trippier,DF,eng ENG,3770.0,43.0,7960.0,90.0,5430.0,63.0,0.0,0.0,6,3341.0,38.0,13306.0,3341.0,False,True,No
Anthony Gordon,FW,eng ENG,487.0,4.0,4395.0,46.0,0.0,0.0,513.0,5.0,4,1582.0,16.0,4814.0,1582.0,True,True,No
Sven Botman,DF,nl NED,3127.0,35.0,3127.0,35.0,5559.0,62.0,2340.0,26.0,4,3127.0,35.0,10085.0,3127.0,False,True,No
Miguel Almirón,FW,py PAR,10416.0,120.0,10416.0,120.0,0.0,0.0,3708.0,42.0,6,2491.0,29.0,13365.0,2491.0,False,True,No
Sandro Tonali,MF,it ITA,0.0,0.0,0.0,0.0,9657.0,112.0,4467.0,50.0,6,2713.0,30.0,12794.0,2591.0,True,True,No
Alexander Isak,FW,se SWE,1522.0,17.0,1522.0,17.0,6258.0,73.0,1367.0,15.0,6,1674.0,19.0,8795.0,1674.0,False,True,No
Joelinton,MF,br BRA,9885.0,115.0,9885.0,115.0,2130.0,25.0,1768.0,19.0,6,2661.0,30.0,13391.0,2661.0,False,True,No
Sean Longstaff,MF,eng ENG,7459.0,80.0,7459.0,80.0,0.0,0.0,3210.0,37.0,6,2518.0,28.0,10045.0,2518.0,False,True,No
Callum Wilson,FW,eng ENG,5347.0,60.0,12764.0,144.0,0.0,0.0,0.0,0.0,6,1877.0,21.0,12764.0,1877.0,False,True,No
Elliot Anderson,MF,sct SCO,414.0,3.0,414.0,3.0,0.0,0.0,0.0,0.0,2,410.0,3.0,414.0,410.0,False,True,No
Harvey Barnes,FW,eng ENG,0.0,0.0,9854.0,113.0,0.0,0.0,3612.0,44.0,6,2711.0,32.0,12810.0,2711.0,True,True,No
Matt Targett,DF,eng ENG,2050.0,22.0,10528.0,119.0,0.0,0.0,1461.0,17.0,6,610.0,6.0,11740.0,610.0,False,True,No
Valentino Livramento,"DF,FW",eng ENG,0.0,0.0,2230.0,25.0,0.0,0.0,0.0,0.0,2,28.0,0.0,2230.0,28.0,True,True,No
Jamaal Lascelles,DF,eng ENG,11650.0,131.0,11650.0,131.0,0.0,0.0,0.0,0.0,6,218.0,2.0,11650.0,218.0,False,True,No
Lewis Hall,DF,eng ENG,0.0,0.0,654.0,8.0,0.0,0.0,0.0,0.0,1,654.0,8.0,654.0,654.0,True,True,No
Jacob Murphy,FW,eng ENG,5800.0,60.0,5800.0,60.0,0.0,0.0,3023.0,32.0,6,1251.0,14.0,8239.0,1251.0,False,True,No
Martin Dúbravka,GK,sk SVK,11587.0,128.0,11587.0,128.0,0.0,0.0,990.0,11.0,6,157.0,1.0,12428.0,157.0,False,True,No
Matt Ritchie,"DF,MF",sct SCO,9773.0,110.0,9773.0,110.0,0.0,0.0,0.0,0.0,6,39.0,0.0,9773.0,39.0,False,True,No
Ryan Fraser,FW,sct SCO,2706.0,30.0,9943.0,109.0,0.0,0.0,0.0,0.0,6,313.0,3.0,9943.0,313.0,False,False,No
Emil Krafth,DF,se SWE,3943.0,43.0,3943.0,43.0,3920.0,43.0,0.0,0.0,6,1.0,0.0,7595.0,1.0,False,False,No
Jamal Lewis,"DF,FW",nir NIR,2110.0,24.0,4414.0,49.0,0.0,0.0,5501.0,61.0,6,11.0,0.0,8966.0,11.0,False,False,No
Javier Manquillo,DF,es ESP,6577.0,75.0,6577.0,75.0,0.0,0.0,0.0,0.0,6,37.0,0.0,6577.0,37.0,False,False,No
Lewis Miley,MF,eng ENG,15.0,0.0,15.0,0.0,0.0,0.0,0.0,0.0,1,15.0,0.0,15.0,15.0,False,False,No
Allan Saint-Maximin,FW,fr FRA,7347.0,85.0,7347.0,85.0,5162.0,60.0,0.0,0.0,6,1120.0,12.0,12106.0,1120.0,False,False,No
Jonjo Shelvey,MF,eng ENG,9974.0,111.0,10514.0,117.0,0.0,0.0,0.0,0.0,6,577.0,6.0,10514.0,577.0,False,False,No
Joe Willock,MF,eng ENG,5574.0,66.0,6815.0,78.0,0.0,0.0,0.0,0.0,6,2558.0,31.0,6815.0,2558.0,False,False,No
Chris Wood,FW,nz NZL,1773.0,19.0,12902.0,151.0,0.0,0.0,270.0,3.0,6,818.0,9.0,13126.0,818.0,False,False,No
