Player,Position,Nationality,"Prev season Minutes, CLUB","Prev season Starts, CLUB","Prev season Minutes, LEAGUE","Prev season Starts, LEAGUE","Prev season Minutes, TOP 5 LEAGUES","Prev season Starts, TOP 5 LEAGUES","Prev season Minutes, OUTSIDE TOP 5 LEAGUES","Prev season Starts, OUTSIDE TOP 5 LEAGUES",Number of seasons played,Previous season minutes played,Previous season starts,"Experience-adjusted minutes, last 5 seasons","Experience-adjusted minutes, previous season",New arrival?,Is at club?,Youth player
Axel Disasi,DF,fr FRA,0.0,0.0,0.0,0.0,10651.0,119.0,1080.0,11.0,6,3330.0,37.0,10499.0,3044.0,True,True,No
Robert Sanchez,GK,es ESP,0.0,0.0,7829.0,87.0,0.0,0.0,0.0,0.0,3,2070.0,23.0,7829.0,2070.0,True,True,No
Thiago Silva,DF,br BRA,6937.0,77.0,6937.0,77.0,5763.0,68.0,0.0,0.0,6,2352.0,26.0,12224.0,2352.0,False,True,No
Levi Colwill,DF,eng ENG,0.0,0.0,1220.0,13.0,0.0,0.0,2423.0,26.0,2,1220.0,13.0,3186.0,1220.0,True,True,No
Raheem Sterling,"MF,FW",eng ENG,1891.0,23.0,14564.0,164.0,0.0,0.0,0.0,0.0,6,1891.0,23.0,14564.0,1891.0,False,True,No
Nicolas Jackson,FW,sn SEN,0.0,0.0,0.0,0.0,1763.0,16.0,720.0,7.0,3,1598.0,16.0,2329.0,1567.0,True,True,No
Enzo Fernández,MF,ar ARG,1547.0,18.0,1547.0,18.0,0.0,0.0,3226.0,37.0,2,3378.0,40.0,4399.0,3378.0,False,True,No
Conor Gallagher,MF,eng ENG,1621.0,18.0,6997.0,79.0,0.0,0.0,3882.0,44.0,4,1621.0,18.0,10144.0,1621.0,False,True,No
Malo Gusto,DF,fr FRA,0.0,0.0,0.0,0.0,3481.0,40.0,0.0,0.0,3,1595.0,19.0,3146.0,1458.0,True,True,No
Ben Chilwell,"DF,MF",eng ENG,4236.0,48.0,11702.0,131.0,0.0,0.0,0.0,0.0,6,1408.0,15.0,11702.0,1408.0,False,True,No
Moisés Caicedo,MF,ec ECU,0.0,0.0,3799.0,42.0,0.0,0.0,2466.0,29.0,4,3139.0,34.0,5818.0,3139.0,True,True,No
Mykhailo Mudryk,"FW,DF",ua UKR,657.0,7.0,657.0,7.0,0.0,0.0,2590.0,33.0,5,1567.0,18.0,2741.0,1567.0,True,True,No
Carney Chukwuemeka,MF,eng ENG,354.0,2.0,675.0,4.0,0.0,0.0,0.0,0.0,3,354.0,2.0,675.0,354.0,True,True,No
Lesley Ugochukwu,MF,fr FRA,0.0,0.0,0.0,0.0,1800.0,18.0,0.0,0.0,3,1330.0,14.0,1637.0,1216.0,True,True,No
Reece James,DF,eng ENG,6996.0,77.0,6996.0,77.0,0.0,0.0,3969.0,44.0,6,1244.0,14.0,10276.0,1244.0,False,True,No
Cole Palmer,"FW,MF",eng ENG,0.0,0.0,493.0,3.0,0.0,0.0,0.0,0.0,2,370.0,2.0,493.0,370.0,True,True,No
Noni Madueke,"FW,MF",eng ENG,643.0,7.0,643.0,7.0,0.0,0.0,2187.0,21.0,4,922.0,9.0,2456.0,922.0,True,True,No
Ian Maatsen,MF,nl NED,0.0,0.0,0.0,0.0,0.0,0.0,9223.0,104.0,3,3283.0,38.0,7476.0,2669.0,True,True,No
Armando Broja,FW,al ALB,299.0,2.0,2274.0,23.0,0.0,0.0,1866.0,21.0,4,294.0,2.0,3826.0,294.0,False,True,No
Mason Burstow,FW,eng ENG,0.0,0.0,0.0,0.0,0.0,0.0,727.0,8.0,1,0.0,0.0,564.0,0.0,True,True,No
Eddie Beach,GK,wls WAL,0.0,0.0,0.0,0.0,0.0,0.0,0.0,0.0,0,0.0,0.0,0.0,0.0,False,True,Yes
Lucas Bergström,GK,fi FIN,0.0,0.0,0.0,0.0,0.0,0.0,1890.0,21.0,1,1890.0,21.0,1490.0,1490.0,True,True,No
Marc Cucurella,"DF,MF",es ESP,1671.0,21.0,4760.0,56.0,8858.0,100.0,3330.0,37.0,6,1671.0,21.0,16340.0,1671.0,False,True,No
Alfie Gilchrist,DF,eng ENG,0.0,0.0,0.0,0.0,0.0,0.0,0.0,0.0,0,0.0,0.0,0.0,0.0,False,True,Yes
Bashir Humphreys,DF,eng ENG,0.0,0.0,0.0,0.0,0.0,0.0,1080.0,12.0,1,1080.0,12.0,889.0,889.0,True,True,No
Alex Matos,FW,eng ENG,0.0,0.0,0.0,0.0,0.0,0.0,0.0,0.0,0,0.0,0.0,0.0,0.0,False,True,Yes
Diego Moreira,MF,pt POR,0.0,0.0,0.0,0.0,0.0,0.0,23.0,0.0,1,0.0,0.0,20.0,0.0,True,True,No
Đorđe Petrović,GK,rs SRB,0.0,0.0,0.0,0.0,0.0,0.0,10890.0,121.0,5,1890.0,21.0,8361.0,1425.0,True,True,No
Andrey Santos,MF,br BRA,0.0,0.0,0.0,0.0,0.0,0.0,2870.0,33.0,2,2825.0,33.0,2311.0,2276.0,True,True,No
Ronnie Stutter,FW,eng ENG,0.0,0.0,0.0,0.0,0.0,0.0,0.0,0.0,0,0.0,0.0,0.0,0.0,False,True,Yes
Deivid Washington,FW,br BRA,0.0,0.0,0.0,0.0,0.0,0.0,0.0,0.0,0,0.0,0.0,0.0,0.0,False,True,Yes
Kepa Arrizabalaga,GK,es ESP,9720.0,108.0,9720.0,108.0,2700.0,30.0,0.0,0.0,6,2565.0,29.0,12432.0,2565.0,False,False,No
Pierre-Emerick Aubameyang,FW,ga GAB,554.0,5.0,10842.0,120.0,2507.0,29.0,0.0,0.0,6,563.0,5.0,13278.0,563.0,False,False,No
César Azpilicueta,DF,es ESP,15746.0,175.0,15746.0,175.0,0.0,0.0,0.0,0.0,6,1527.0,16.0,15746.0,1527.0,False,False,No
Benoît Badiashile,DF,fr FRA,905.0,10.0,905.0,10.0,8720.0,98.0,0.0,0.0,5,1744.0,19.0,8815.0,1744.0,False,False,No
Trevoh Chalobah,DF,eng ENG,3057.0,35.0,3057.0,35.0,2237.0,24.0,6012.0,65.0,5,1608.0,18.0,9969.0,1608.0,False,False,No
David Datro Fofana,FW,ci CIV,70.0,1.0,70.0,1.0,0.0,0.0,1998.0,20.0,2,1748.0,20.0,1604.0,1748.0,False,False,No
João Félix,"FW,MF",pt POR,941.0,11.0,941.0,11.0,5230.0,55.0,1725.0,21.0,5,1591.0,18.0,7610.0,1591.0,False,False,No
Wesley Fofana,DF,fr FRA,1183.0,12.0,4255.0,48.0,1691.0,17.0,0.0,0.0,5,1363.0,14.0,5788.0,1363.0,False,False,No
Lewis Hall,DF,eng ENG,654.0,8.0,654.0,8.0,0.0,0.0,0.0,0.0,1,654.0,8.0,654.0,654.0,False,False,No
Kai Havertz,"FW,MF",de GER,5898.0,70.0,5898.0,70.0,7492.0,84.0,0.0,0.0,6,2569.0,30.0,13107.0,2569.0,False,False,No
Omari Hutchinson,FW,eng ENG,23.0,0.0,23.0,0.0,0.0,0.0,0.0,0.0,1,23.0,0.0,23.0,23.0,False,False,No
Jorginho,MF,it ITA,11097.0,128.0,11952.0,137.0,2650.0,33.0,10248.0,114.0,6,3773.0,43.0,23393.0,3773.0,False,False,No
N'Golo Kanté,MF,fr FRA,12255.0,141.0,12255.0,141.0,0.0,0.0,0.0,0.0,6,518.0,6.0,12255.0,518.0,False,False,No
Kalidou Koulibaly,DF,sn SEN,1800.0,20.0,1800.0,20.0,12917.0,146.0,0.0,0.0,6,1800.0,20.0,14254.0,1800.0,False,False,No
Mateo Kovačić,MF,hr CRO,8888.0,98.0,8888.0,98.0,992.0,10.0,0.0,0.0,6,1707.0,17.0,9884.0,1707.0,False,False,No
Ruben Loftus-Cheek,"MF,DF",eng ENG,4196.0,41.0,7979.0,83.0,0.0,0.0,0.0,0.0,6,1536.0,19.0,7979.0,1536.0,False,False,No
Edouard Mendy,GK,sn SEN,6660.0,74.0,6660.0,74.0,5670.0,63.0,2989.0,34.0,6,855.0,9.0,14198.0,855.0,False,False,No
Mason Mount,"MF,FW",eng ENG,9768.0,111.0,9768.0,111.0,0.0,0.0,5204.0,57.0,6,1648.0,20.0,14022.0,1648.0,False,False,No
Christian Pulisic,"FW,DF",us USA,5571.0,58.0,5571.0,58.0,3234.0,36.0,0.0,0.0,6,821.0,8.0,8699.0,821.0,False,False,No
Denis Zakaria,MF,ch SUI,411.0,5.0,411.0,5.0,9736.0,109.0,0.0,0.0,6,534.0,6.0,9801.0,534.0,False,False,No
Hakim Ziyech,"FW,MF",ma MAR,3152.0,35.0,3152.0,35.0,0.0,0.0,7051.0,84.0,6,661.0,6.0,9026.0,661.0,False,False,No
