Player,Position,Nationality,"Prev season Minutes, CLUB","Prev season Starts, CLUB","Prev season Minutes, LEAGUE","Prev season Starts, LEAGUE","Prev season Minutes, TOP 5 LEAGUES","Prev season Starts, TOP 5 LEAGUES","Prev season Minutes, OUTSIDE TOP 5 LEAGUES","Prev season Starts, OUTSIDE TOP 5 LEAGUES",Number of seasons played,Previous season minutes played,Previous season starts,"Experience-adjusted minutes, last 5 seasons","Experience-adjusted minutes, previous season",New arrival?,Is at club?,Youth player
Max Kilman,DF,eng ENG,7490.0,83.0,7490.0,83.0,0.0,0.0,0.0,0.0,5,3307.0,37.0,7490.0,3307.0,False,True,No
Pedro Neto,"MF,FW",pt POR,4919.0,57.0,4919.0,57.0,46.0,0.0,8.0,0.0,6,964.0,13.0,4971.0,964.0,False,True,No
José Sá,GK,pt POR,6525.0,73.0,6525.0,73.0,0.0,0.0,8685.0,97.0,6,3240.0,36.0,14113.0,3240.0,False,True,No
Nélson Semedo,DF,pt POR,7746.0,90.0,7746.0,90.0,5190.0,61.0,0.0,0.0,6,2632.0,31.0,12922.0,2632.0,False,True,No
Mario Lemina,MF,ga GAB,1299.0,17.0,6335.0,74.0,2805.0,35.0,1532.0,19.0,6,2137.0,28.0,10164.0,2137.0,False,True,No
Craig Dawson,DF,eng ENG,1414.0,17.0,11684.0,131.0,0.0,0.0,3549.0,40.0,6,2134.0,25.0,14617.0,2134.0,True,True,No
João Gomes,MF,br BRA,653.0,7.0,653.0,7.0,0.0,0.0,3385.0,37.0,3,2533.0,29.0,3745.0,2533.0,True,True,No
Matheus Cunha,FW,br BRA,965.0,12.0,965.0,12.0,5529.0,56.0,2243.0,24.0,6,1342.0,14.0,8220.0,1342.0,True,True,No
Rayan Aït Nouri,"DF,MF",dz ALG,4308.0,45.0,4308.0,45.0,1526.0,18.0,0.0,0.0,5,1076.0,9.0,5690.0,1076.0,False,True,No
Hwang Hee-chan,"MF,FW",kr KOR,2946.0,32.0,2946.0,32.0,509.0,3.0,3869.0,42.0,6,1130.0,12.0,6590.0,1130.0,False,True,No
Fábio Silva,FW,pt POR,1941.0,17.0,1941.0,17.0,0.0,0.0,2322.0,23.0,4,2130.0,22.0,3835.0,1778.0,False,True,No
Matheus Nunes,MF,pt POR,2467.0,30.0,2467.0,30.0,0.0,0.0,4725.0,54.0,4,2647.0,32.0,6669.0,2647.0,False,True,No
Pablo Sarabia,"FW,MF",es ESP,765.0,9.0,765.0,9.0,7995.0,86.0,2072.0,26.0,6,1135.0,12.0,10341.0,1135.0,True,True,No
Jean-Ricner Bellegarde,MF,fr FRA,0.0,0.0,0.0,0.0,8334.0,96.0,2712.0,30.0,6,2419.0,29.0,9688.0,2211.0,True,True,No
Hugo Bueno,DF,es ESP,1310.0,16.0,1310.0,16.0,0.0,0.0,0.0,0.0,1,1310.0,16.0,1310.0,1310.0,False,True,No
Matt Doherty,"DF,FW",ie IRL,9969.0,112.0,8765.0,96.0,18.0,0.0,3986.0,45.0,6,685.0,7.0,12090.0,685.0,True,True,No
Toti Gomes,DF,pt POR,1344.0,14.0,1344.0,14.0,0.0,0.0,1377.0,16.0,2,984.0,10.0,2490.0,984.0,False,True,No
Boubacar Traoré,"MF,FW",ml MLI,411.0,4.0,411.0,4.0,1780.0,17.0,270.0,3.0,3,681.0,7.0,2210.0,681.0,True,True,No
Sasa Kalajdzic,FW,at AUT,45.0,1.0,45.0,1.0,3590.0,39.0,1961.0,22.0,6,278.0,4.0,5156.0,278.0,True,True,No
Tommy Doyle,MF,eng ENG,0.0,0.0,0.0,0.0,0.0,0.0,3382.0,38.0,2,1853.0,21.0,2747.0,1507.0,True,True,No
Daniel Bentley,GK,eng ENG,180.0,2.0,180.0,2.0,0.0,0.0,19245.0,213.0,6,1350.0,15.0,15990.0,1350.0,True,True,No
Jonny Castro,"DF,MF",es ESP,8438.0,96.0,8438.0,96.0,3202.0,36.0,0.0,0.0,6,1261.0,14.0,11654.0,1261.0,False,True,No
Nathan Fraser,FW,ie IRL,0.0,0.0,0.0,0.0,0.0,0.0,0.0,0.0,0,0.0,0.0,0.0,0.0,False,True,Yes
Enso Gonzalez,MF,py PAR,0.0,0.0,0.0,0.0,0.0,0.0,322.0,4.0,1,322.0,4.0,267.0,267.0,True,True,No
Joseph Hodge,MF,ie IRL,175.0,1.0,175.0,1.0,0.0,0.0,0.0,0.0,1,175.0,1.0,175.0,175.0,True,True,No
Chem Campbell,"FW,MF",wls WAL,87.0,0.0,87.0,0.0,0.0,0.0,895.0,9.0,2,969.0,9.0,793.0,969.0,False,False,No
Nathan Collins,DF,ie IRL,1814.0,19.0,3484.0,37.0,0.0,0.0,2430.0,26.0,5,1814.0,19.0,5475.0,1814.0,False,False,No
Diego Costa,FW,es ESP,1241.0,16.0,1241.0,16.0,3711.0,43.0,774.0,9.0,6,1241.0,16.0,5641.0,1241.0,False,False,No
Leander Dendoncker,MF,be BEL,8929.0,100.0,9626.0,107.0,0.0,0.0,3057.0,35.0,6,911.0,9.0,12196.0,911.0,False,False,No
Morgan Gibbs-White,"FW,MF",eng ENG,1646.0,13.0,4366.0,46.0,0.0,0.0,3434.0,38.0,6,3151.0,36.0,7159.0,3151.0,False,False,No
Gonçalo Guedes,"FW,MF",pt POR,707.0,8.0,707.0,8.0,10068.0,116.0,409.0,4.0,6,1116.0,12.0,11034.0,1116.0,False,False,No
Raúl Jiménez,FW,mx MEX,10647.0,121.0,10647.0,121.0,0.0,0.0,1004.0,6.0,6,846.0,8.0,11542.0,846.0,False,False,No
Dexter Lembikisa,DF,jm JAM,23.0,0.0,23.0,0.0,0.0,0.0,0.0,0.0,1,23.0,0.0,23.0,23.0,False,False,No
João Moutinho,MF,pt POR,13418.0,151.0,13418.0,151.0,2861.0,31.0,6524.0,75.0,6,4295.0,48.0,20988.0,4295.0,False,False,No
Rúben Neves,MF,pt POR,18028.0,206.0,14418.0,164.0,0.0,0.0,3610.0,42.0,6,3019.0,33.0,17414.0,3019.0,False,False,No
Daniel Podence,"FW,MF",pt POR,5205.0,60.0,5205.0,60.0,0.0,0.0,3899.0,48.0,6,1771.0,20.0,8579.0,1771.0,False,False,No
Connor Ronan,MF,ie IRL,33.0,0.0,1.0,0.0,0.0,0.0,6441.0,74.0,6,1.0,0.0,5108.0,1.0,False,False,No
Adama Traoré,"FW,MF",es ESP,8719.0,85.0,8719.0,85.0,1843.0,21.0,9348.0,110.0,6,2292.0,21.0,18295.0,2292.0,False,False,No
