Player,Position,Nationality,"Prev season Minutes, CLUB","Prev season Starts, CLUB","Prev season Minutes, LEAGUE","Prev season Starts, LEAGUE","Prev season Minutes, TOP 5 LEAGUES","Prev season Starts, TOP 5 LEAGUES","Prev season Minutes, OUTSIDE TOP 5 LEAGUES","Prev season Starts, OUTSIDE TOP 5 LEAGUES",Number of seasons played,Previous season minutes played,Previous season starts,"Experience-adjusted minutes, last 5 seasons","Experience-adjusted minutes, previous season",New arrival?,Is at club?,Youth player
Neto,GK,br BRA,2385.0,27.0,2385.0,27.0,7110.0,79.0,0.0,0.0,6,2385.0,27.0,9489.0,2385.0,False,True,No
Dominic Solanke,FW,eng ENG,12287.0,135.0,5454.0,56.0,0.0,0.0,7429.0,84.0,6,2860.0,32.0,11503.0,2860.0,False,True,No
Illia Zabarnyi,DF,ua UKR,299.0,3.0,299.0,3.0,0.0,0.0,4401.0,48.0,3,1537.0,17.0,3833.0,1537.0,True,True,No
Philip Billing,MF,dk DEN,10668.0,123.0,8246.0,96.0,0.0,0.0,5374.0,60.0,6,2764.0,34.0,12619.0,2764.0,False,True,No
Max Aarons,DF,eng ENG,0.0,0.0,6121.0,68.0,0.0,0.0,11561.0,130.0,5,3851.0,44.0,15587.0,3131.0,True,True,No
Milos Kerkez,DF,hu HUN,0.0,0.0,0.0,0.0,0.0,0.0,2671.0,33.0,1,2671.0,33.0,2229.0,2229.0,True,True,No
Ryan Christie,MF,sct SCO,4831.0,58.0,1834.0,22.0,0.0,0.0,11254.0,127.0,6,1834.0,22.0,11128.0,1834.0,False,True,No
Lewis Cook,MF,eng ENG,10711.0,120.0,6032.0,65.0,0.0,0.0,4679.0,55.0,6,1720.0,18.0,9844.0,1720.0,False,True,No
Justin Kluivert,FW,nl NED,0.0,0.0,0.0,0.0,7002.0,80.0,2334.0,27.0,6,1447.0,15.0,8609.0,1419.0,True,True,No
Lloyd Kelly,DF,eng ENG,9348.0,103.0,2679.0,30.0,0.0,0.0,9645.0,106.0,6,2040.0,23.0,10571.0,2040.0,False,True,No
Marcos Senesi,DF,ar ARG,2491.0,29.0,2491.0,29.0,0.0,0.0,10981.0,124.0,6,2491.0,29.0,11806.0,2491.0,False,True,No
Antoine Semenyo,FW,gh GHA,258.0,2.0,258.0,2.0,0.0,0.0,6463.0,64.0,5,1507.0,13.0,5523.0,1507.0,True,True,No
Joe Rothwell,MF,eng ENG,1016.0,12.0,1016.0,12.0,0.0,0.0,11173.0,125.0,6,1016.0,12.0,10131.0,1016.0,True,True,No
Marcus Tavernier,FW,eng ENG,1743.0,19.0,1743.0,19.0,0.0,0.0,9806.0,106.0,6,1743.0,19.0,9756.0,1743.0,False,True,No
Jaidon Anthony,FW,eng ENG,4579.0,49.0,1257.0,11.0,0.0,0.0,3322.0,38.0,3,1257.0,11.0,3953.0,1257.0,False,True,No
David Brooks,"FW,MF",wls WAL,5586.0,71.0,2940.0,39.0,0.0,0.0,3808.0,41.0,6,173.0,2.0,6064.0,173.0,False,True,No
Dango Ouattara,FW,bf BFA,1241.0,15.0,1241.0,15.0,2360.0,25.0,0.0,0.0,2,2789.0,33.0,3383.0,2789.0,True,True,No
Kieffer Moore,"FW,MF",wls WAL,1366.0,12.0,1279.0,12.0,0.0,0.0,13320.0,148.0,6,1279.0,12.0,12104.0,1279.0,False,True,No
Hamed Junior Traorè,MF,ci CIV,427.0,5.0,427.0,5.0,7984.0,93.0,354.0,3.0,6,1018.0,11.0,8384.0,1018.0,True,True,No
Chris Mepham,DF,wls WAL,6957.0,76.0,3961.0,44.0,0.0,0.0,6612.0,71.0,6,2199.0,24.0,9398.0,2199.0,False,True,No
Luis Sinisterra,FW,co COL,0.0,0.0,867.0,13.0,0.0,0.0,7559.0,87.0,6,867.0,13.0,7193.0,867.0,True,True,No
James Hill,DF,eng ENG,2.0,0.0,0.0,0.0,0.0,0.0,4521.0,51.0,4,1089.0,13.0,3633.0,900.0,True,True,No
Ben Greenwood,DF,ie IRL,0.0,0.0,0.0,0.0,0.0,0.0,0.0,0.0,0,0.0,0.0,0.0,0.0,False,True,Yes
Gavin Kilkenny,MF,ie IRL,1097.0,13.0,0.0,0.0,0.0,0.0,1654.0,20.0,3,557.0,7.0,1332.0,453.0,False,True,No
Ionuț Radu,GK,ro ROU,0.0,0.0,0.0,0.0,7065.0,78.0,1980.0,22.0,6,2340.0,26.0,8299.0,2139.0,True,True,No
Adam Smith,"DF,MF",eng ENG,14175.0,163.0,9135.0,105.0,0.0,0.0,5040.0,58.0,6,2943.0,34.0,13245.0,2943.0,False,True,No
Owen Bevan,DF,wls WAL,9.0,0.0,9.0,0.0,0.0,0.0,0.0,0.0,1,9.0,0.0,9.0,9.0,False,False,No
Siriki Dembélé,"FW,MF",ci CIV,637.0,4.0,110.0,0.0,372.0,4.0,9637.0,106.0,5,482.0,4.0,8149.0,482.0,False,False,No
Ryan Fredericks,DF,eng ENG,533.0,5.0,4732.0,51.0,0.0,0.0,3915.0,44.0,6,533.0,5.0,7981.0,533.0,False,False,No
Jefferson Lerma,MF,co COL,14657.0,170.0,8461.0,97.0,2135.0,25.0,6196.0,73.0,6,3252.0,37.0,15653.0,3252.0,False,False,No
Jamal Lowe,"MF,FW",jm JAM,1127.0,9.0,12.0,0.0,0.0,0.0,17184.0,191.0,6,1386.0,14.0,13967.0,1386.0,False,False,No
Emiliano Marcondes,MF,dk DEN,798.0,8.0,9.0,0.0,0.0,0.0,7386.0,74.0,6,485.0,5.0,6045.0,485.0,False,False,No
Ben Pearson,MF,eng ENG,2132.0,22.0,286.0,3.0,0.0,0.0,12607.0,144.0,6,1453.0,17.0,10665.0,1453.0,False,False,No
Jack Stacey,DF,eng ENG,5688.0,62.0,1848.0,20.0,0.0,0.0,7890.0,87.0,5,299.0,3.0,8224.0,299.0,False,False,No
Junior Stanislas,MF,eng ENG,5692.0,66.0,3090.0,35.0,0.0,0.0,2602.0,31.0,6,61.0,0.0,5216.0,61.0,False,False,No
Jack Stephens,DF,eng ENG,1173.0,13.0,9698.0,107.0,0.0,0.0,0.0,0.0,6,1219.0,13.0,9698.0,1219.0,False,False,No
Mark Travers,GK,ie IRL,5445.0,60.0,1305.0,14.0,0.0,0.0,4860.0,54.0,5,1035.0,11.0,5246.0,1035.0,False,False,No
Matías Viña,DF,uy URU,458.0,5.0,458.0,5.0,1620.0,19.0,2203.0,26.0,3,513.0,6.0,4023.0,513.0,False,False,No
Jordan Zemura,DF,zw ZIM,4371.0,49.0,1454.0,17.0,0.0,0.0,2917.0,32.0,3,1454.0,17.0,3821.0,1454.0,False,False,No
