Player,Position,Nationality,"Prev season Minutes, CLUB","Prev season Starts, CLUB","Prev season Minutes, LEAGUE","Prev season Starts, LEAGUE","Prev season Minutes, TOP 5 LEAGUES","Prev season Starts, TOP 5 LEAGUES","Prev season Minutes, OUTSIDE TOP 5 LEAGUES","Prev season Starts, OUTSIDE TOP 5 LEAGUES",Number of seasons played,Previous season minutes played,Previous season starts,"Experience-adjusted minutes, last 5 seasons","Experience-adjusted minutes, previous season",New arrival?,Is at club?,Youth player
Bruno Fernandes,"MF,FW",pt POR,10712.0,121.0,10712.0,121.0,0.0,0.0,7265.0,82.0,6,3316.0,37.0,17167.0,3316.0,False,True,No
André Onana,GK,cm CMR,0.0,0.0,0.0,0.0,2160.0,24.0,10390.0,116.0,6,2160.0,24.0,10706.0,2063.0,True,True,No
Marcus Rashford,FW,eng ENG,13824.0,152.0,13824.0,152.0,0.0,0.0,0.0,0.0,6,2879.0,32.0,13824.0,2879.0,False,True,No
Casemiro,MF,br BRA,2124.0,24.0,2124.0,24.0,13473.0,155.0,0.0,0.0,6,2132.0,24.0,15462.0,2132.0,False,True,No
Lisandro Martínez,DF,ar ARG,2114.0,24.0,2114.0,24.0,0.0,0.0,9747.0,110.0,6,2114.0,24.0,10399.0,2114.0,False,True,No
Diogo Dalot,DF,pt POR,5035.0,56.0,5035.0,56.0,1090.0,10.0,412.0,4.0,6,2154.0,24.0,6452.0,2154.0,False,True,No
Aaron Wan-Bissaka,DF,eng ENG,9358.0,104.0,13119.0,146.0,0.0,0.0,0.0,0.0,6,1435.0,16.0,13119.0,1435.0,False,True,No
Antony,"FW,MF",br BRA,1802.0,23.0,1802.0,23.0,0.0,0.0,6091.0,74.0,6,1982.0,25.0,7028.0,1982.0,False,True,No
Victor Lindelöf,DF,se SWE,13283.0,146.0,13283.0,146.0,0.0,0.0,0.0,0.0,6,1365.0,14.0,13283.0,1365.0,False,True,No
Christian Eriksen,MF,dk DEN,2048.0,25.0,10076.0,112.0,2088.0,25.0,0.0,0.0,6,2048.0,25.0,12084.0,2048.0,False,True,No
Raphaël Varane,DF,fr FRA,3742.0,42.0,3742.0,42.0,10613.0,121.0,0.0,0.0,6,1911.0,22.0,14296.0,1911.0,False,True,No
Scott McTominay,MF,sct SCO,8949.0,98.0,8949.0,98.0,0.0,0.0,0.0,0.0,6,1160.0,10.0,8949.0,1160.0,False,True,No
Luke Shaw,DF,eng ENG,11921.0,136.0,11921.0,136.0,0.0,0.0,0.0,0.0,6,2552.0,30.0,11921.0,2552.0,False,True,No
Rasmus Højlund,FW,dk DEN,0.0,0.0,0.0,0.0,1834.0,20.0,2025.0,19.0,3,2234.0,24.0,3401.0,2133.0,True,True,No
Sergio Reguilón,DF,es ESP,0.0,0.0,4160.0,48.0,3937.0,44.0,0.0,0.0,5,309.0,2.0,8067.0,303.0,True,True,No
Anthony Martial,FW,fr FRA,8497.0,97.0,8497.0,97.0,490.0,7.0,0.0,0.0,6,978.0,11.0,8973.0,978.0,False,True,No
Mason Mount,MF,eng ENG,0.0,0.0,9768.0,111.0,0.0,0.0,5204.0,57.0,6,1648.0,20.0,14022.0,1648.0,True,True,No
Alejandro Garnacho,"FW,MF",ar ARG,582.0,5.0,582.0,5.0,0.0,0.0,0.0,0.0,2,569.0,5.0,582.0,569.0,False,True,No
Hannibal Mejbri,MF,tn TUN,77.0,1.0,77.0,1.0,0.0,0.0,1947.0,21.0,3,1947.0,21.0,1660.0,1583.0,False,True,No
Jonny Evans,DF,nir NIR,0.0,0.0,12521.0,141.0,0.0,0.0,0.0,0.0,6,1051.0,12.0,12521.0,1051.0,True,True,No
Jadon Sancho,"FW,MF",eng ENG,3586.0,41.0,3586.0,41.0,7500.0,82.0,0.0,0.0,6,1686.0,21.0,10814.0,1686.0,False,True,No
Facundo Pellistri,"FW,MF",uy URU,64.0,0.0,64.0,0.0,1214.0,11.0,0.0,0.0,3,64.0,0.0,1251.0,64.0,True,True,No
Harry Maguire,DF,eng ENG,9749.0,108.0,15765.0,177.0,0.0,0.0,0.0,0.0,6,767.0,8.0,15765.0,767.0,False,True,No
Sofyan Amrabat,DF,ma MAR,0.0,0.0,0.0,0.0,8302.0,93.0,2426.0,22.0,6,1998.0,24.0,9972.0,1908.0,True,True,No
Altay Bayındır,GK,tr TUR,0.0,0.0,0.0,0.0,0.0,0.0,11861.0,132.0,5,2340.0,26.0,10077.0,1986.0,True,True,No
Donny van de Beek,MF,nl NED,766.0,6.0,1249.0,11.0,0.0,0.0,7206.0,83.0,6,167.0,2.0,7250.0,167.0,False,True,No
Álvaro Fernández,"DF,MF",es ESP,0.0,0.0,1080.0,12.0,2970.0,33.0,7514.0,81.0,5,3644.0,38.0,10218.0,3574.0,True,True,No
Daniel Gore,MF,eng ENG,0.0,0.0,0.0,0.0,0.0,0.0,0.0,0.0,0,0.0,0.0,0.0,0.0,False,True,Yes
Dean Henderson,GK,eng ENG,1125.0,12.0,5985.0,66.0,0.0,0.0,7560.0,84.0,5,1620.0,18.0,12162.0,1620.0,True,True,No
Radek Vítek,GK,,0.0,0.0,0.0,0.0,0.0,0.0,0.0,0.0,0,0.0,0.0,0.0,0.0,False,True,Yes
Anthony Elanga,FW,se SWE,1795.0,21.0,1795.0,21.0,0.0,0.0,0.0,0.0,3,426.0,5.0,1795.0,426.0,False,False,No
Fred,MF,br BRA,8871.0,99.0,8871.0,99.0,0.0,0.0,13243.0,155.0,6,1378.0,13.0,20568.0,1378.0,False,False,No
David de Gea,GK,es ESP,19305.0,215.0,19305.0,215.0,0.0,0.0,0.0,0.0,6,3420.0,38.0,19305.0,3420.0,False,False,No
Kobbie Mainoo,MF,eng ENG,11.0,0.0,11.0,0.0,0.0,0.0,0.0,0.0,1,11.0,0.0,11.0,11.0,False,False,No
Tyrell Malacia,DF,nl NED,1396.0,14.0,1396.0,14.0,0.0,0.0,8344.0,92.0,6,1396.0,14.0,8310.0,1396.0,False,False,No
Cristiano Ronaldo,FW,pt POR,2981.0,31.0,2981.0,31.0,10723.0,121.0,0.0,0.0,6,525.0,4.0,13407.0,525.0,False,False,No
Marcel Sabitzer,MF,at AUT,627.0,7.0,627.0,7.0,10249.0,116.0,0.0,0.0,6,1255.0,14.0,10511.0,1255.0,False,False,No
Wout Weghorst,"FW,MF",nl NED,797.0,10.0,2247.0,27.0,10158.0,113.0,4184.0,47.0,6,2219.0,26.0,15560.0,2219.0,False,False,No
